,MonType1,MonType2,MonType3,Atk,SpA,Abilities,Used,SupereffectiveStab1,SupereffectiveStab2,Move1,Move2,Move3,Move4,Move5,Move6,Move7,Move8,Move9,Move10,Move11,Move12,Move13,Move14,Move15,Move16,Move17,Move18,Move19,Move20,Move21,Move22,Move23,Move24,Move25,Move26,Move27
Aggron,Steel,Rock,,140.0,60.0,,Yes,Steel,Rock,Thunder Punch,Thunderbolt,Aqua Tail,Surf,Fire Punch,Flamethrower,Body Press,Low Kick,Superpower,Focus Blast,Dynamic Punch,Reversal,Earthquake,Earth Power,Bulldoze,Dig,,,,,,,,,,,
Arcanine-Hisui,Fire,Rock,,115.0,95.0,,,Fire,Rock,Wild Charge,Thunder Fang,Solar Beam,Iron Head,Smart Strike,Close Combat,Bulldoze,Scorching Sands,,,,,,,,,,,,,,,,,,,
Arctozolt,Electric,Ice,,100.0,90.0,,,Electric,Freeze Dry,Freeze Dry,Hydro Pump,Surf,Iron Tail,Rock Slide,Stone Edge,Meteor Beam,Rock Blast,Low Kick,Bulldoze,Stomping Tantrum,Bulldoze,,,,,,,,,,,,,,,
Aurorus,Rock,Ice,,77.0,99.0,,,Rock,Freeze Dry,Freeze Dry,Discharge,Thunderbolt,Flash Cannon,Iron Head,Iron Tail,Earth Power,Earthquake,Bulldoze,,,,,,,,,,,,,,,,,,
Barbaracle,Rock,Water,,105.0,54.0,,,Rock,Water,Grass Knot,Cross Chop,Low Kick,Brick Break,Focus Blast,Superpower,Earthquake,Bulldoze,Dig,,,,,,,,,,,,,,,,,,
Bastiodon,Rock,Steel,,52.0,47.0,,,Rock,Steel,Thunderbolt,Flamethrower,Body Press,Reversal,Earthquake,Scorching Sands,Earth Power,Dig,Bulldoze,,,,,,,,,,,,,,,,,,
Breloom,Grass,Fighting,,130.0,60.0,,,Grass,Fighting,Thunder Punch,Rock Slide,Stone Edge,Rock Tomb,Bulldoze,Dig,,,,,,,,,,,,,,,,,,,,,
Camerupt,Fire,Ground,,120.0,145.0,,,Fire,Ground,Solar Beam,Flash Cannon,Iron Head,Heavy Slam,Rock Slide,Stone Edge,Rock Tomb,Body Press,,,,,,,,,,,,,,,,,,,
Chesnaught,Grass,Fighting,,,,,,Grass,Fighting,Thunder Punch,Iron Head,Gyro Ball,Iron Tail,Rock Slide,Stone Edge,Rock Tomb,Earthquake,Bulldoze,Dig,,,,,,,,,,,,,,,,,
Coalossal,Rock,Fire,,,,,,Rock,Fire,Scald,Solar Beam,Gyro Ball,Heavy Slam,Iron Head,Body Press,Earthquake,Earth Power,Scorching Sands,Dig,,,,,,,,,,,,,,,,,
Cobalion,Steel,Fighting,,,,,Yes,Steel,Fighting,Volt Switch,Stone Edge,,,,,,,,,,,,,,,,,,,,,,,,,
Cradily,Rock,Grass,,,,,,Rock,Grass,Brine,Earth Power,Earthquake,Dig,Bulldoze,,,,,,,,,,,,,,,,,,,,,,
Decidueye-Hisui,Grass,Fighting,,,,,Yes,Grass,Fighting,Steel Wing,Rock Tomb,,,,,,,,,,,,,,,,,,,,,,,,,
Dhelmise,Ghost,Grass,Steel,,,,,Grass,Steel,Hydro Pump,Liquidation,Surf,Brine,Gyro Ball,Heavy Slam,Iron Head,Rock Slide,Bulldoze,,,,,,,,,,,,,,,,,,
Emboar,Fire,Fighting,,,,,,Fire,Fighting,Thunder Punch,Scald,Grass Knot,Solar Beam,Hard Press,Gyro Ball,Heavy Slam,Iron Tail,Iron Head,Head Smash,Stone Edge,Rock Slide,Rock Tomb,Earthquake,Dig,Bulldoze,,,,,,,,,,,
Empoleon,Water,Steel,,,,,Yes,Water,Steel,Grass Knot,Rock Slide,Brick Break,Vacuum Wave,Earthquake,Dig,Bulldoze,,,,,,,,,,,,,,,,,,,,
Golem,Rock,Ground,,,,,,Rock,Ground,Thunder Punch,Flamethrower,Fire Punch,Hard Press,Gyro Ball,Heavy Slam,Iron Head,Focus Blast,Superpower,Hammer Arm,Dynamic Punch,Body Press,Submission,Brick Break,,,,,,,,,,,,,
Golem-Alola,Rock,Electric,,,,,,Rock,Electric,Flamethrower,Fire Punch,Hard Press,Gyro Ball,Heavy Slam,Focus Blast,Superpower,Body Press,Brick Break,Earthquake,Earth Power,Dig,Bulldoze,,,,,,,,,,,,,,
Infernape,Fire,Fighting,,,,,,Fire,Fighting,Thunder Punch,Grass Knot,Solar Beam,Iron Tail,Stone Edge,Rock Slide,Rock Tomb,Earthquake,Dig,Scorching Sands,Bulldoze,,,,,,,,,,,,,,,,
Iron Thorns,Rock,Electric,,,,,,Rock,Electric,Flamethrower,Fire Punch,Fire Fang,Heavy Slam,Iron Head,Focus Blast,Low Kick,Body Press,Brick Break,Earthquake,Earth Power,Dig,Bulldoze,,,,,,,,,,,,,,
Kabutops,Rock,Water,,,,,,Rock,Water,Giga Drain,Low Kick,Superpower,Submission,Brick Break,Earth Power,Dig,,,,,,,,,,,,,,,,,,,,
Lapras,Water,Ice,,,,,,Water,Freeze Dry,Freeze Dry,Zap Cannon,Thunderbolt,Solar Beam,Iron Tail,Smart Strike,Iron Head,Body Press,Earthquake,Drill Run,Bulldoze,,,,,,,,,,,,,,,,
Lucario,Fighting,Steel,,,,,,Fighting,Steel,Thunder Punch,Blaze Kick,Stone Edge,Rock Slide,Earthquake,Dig,Bulldoze,Bone Rush,,,,,,,,,,,,,,,,,,,
Ludicolo,Water,Grass,,,,,,Water,Grass,Thunder Punch,Fire Punch,Focus Blast,Dynamic Punch,Brick Break,Drain Punch,,,,,,,,,,,,,,,,,,,,,
Magcargo,Fire,Rock,,,,,,Fire,Rock,Solar Beam,Gyro Ball,Earthquake,Scorching Sands,Earth Power,Bulldoze,,,,,,,,,,,,,,,,,,,,,
Pawmot,Electric,Fighting,,,,,,Electric,Fighting,Grass Knot,Seed Bomb,Fire Punch,Rock Tomb,Low Sweep,,,,,,,,,,,,,,,,,,,,,,
Probopass,Rock,Steel,,,,,,Rock,Steel,Zap Cannon,Supercell Slam,Thunderbolt,Discharge,Thunder Punch,Volt Switch,Fire Punch,Dynamic Punch,Body Press,Earthquake,Earth Power,Bulldoze,,,,,,,,,,,,,,,
Rhyperior,Ground,Rock,,,,,,Ground,Rock,Zap Cannon,Supercell Slam,Thunderbolt,Thunder Punch,Thunder Fang,Hydro Pump,Aqua Tail,Surf,Bubble Beam,Heat Crash,Flamethrower,Fire Punch,Temper Flare,Fire Fang,Heavy Slam,Iron Tail,Flash Cannon,Iron Head,Smart Strike,Reversal,Focus Blast,Superpower,Hammer Arm,Dynamic Punch,Body Press,Submission,Brick Break
Sandy Shocks,Electric,Ground,,,,,Yes,Electric,Ground,Flash Cannon,Heavy Slam,Power Gem,Body Press,,,,,,,,,,,,,,,,,,,,,,,
Scovillain,Grass,Fire,,,,,,Grass,Fire,Stomping Tantrum,,,,,,,,,,,,,,,,,,,,,,,,,,
Seismitoad,Water,Ground,,,,,,Water,Ground,Grass Knot,Power Whip,Rock Slide,Rock Tomb,Focus Blast,Low Kick,Brick Break,Drain Punch,,,,,,,,,,,,,,,,,,,
Steelix,Steel,Ground,,,,,,Steel,Ground,Thunder Fang,Aqua Tail,Fire Fang,Head Smash,Meteor Beam,Stone Edge,Rock Slide,Rock Tomb,Rock Blast,Body Press,,,,,,,,,,,,,,,,,
Stunfisk,Ground,Electric,,,,,,Ground,Electric,Aqua Tail,Surf,Muddy Water,Scald,Stone Edge,Rock Slide,Rock Tomb,Revenge,,,,,,,,,,,,,,,,,,,
Tauros-Paldea-Aqua,Fighting,Water,,,,,,Fighting,Water,Wild Charge,Iron Head,Smart Strike,Stone Edge,Rock Slide,Rock Tomb,Earthquake,Drill Run,Dig,Bulldoze,,,,,,,,,,,,,,,,,
Tauros-Paldea-Blaze,Fighting,Fire,,,,,,Fighting,Fire,Wild Charge,Iron Head,Smart Strike,Stone Edge,Rock Slide,Rock Tomb,Earthquake,Drill Run,Dig,Bulldoze,,,,,,,,,,,,,,,,,
Toedscruel,Ground,Grass,,,,,,Ground,Grass,Flash Cannon,Earth Power,,,,,,,,,,,,,,,,,,,,,,,,,
Torterra,Grass,Ground,,,,,,Grass,Ground,Hard Press,Heavy Slam,Iron Tail,Iron Head,Stone Edge,Rock Slide,Rock Tomb,Superpower,Body Press,,,,,,,,,,,,,,,,,,
Virizion,Grass,Fighting,,,,,,Grass,Fighting,Smart Strike,Stone Edge,,,,,,,,,,,,,,,,,,,,,,,,,
Volcanion,Fire,Water,,,,,,Fire,Water,Wild Charge,Thunder Fang,Solar Beam,Fire Fang,Gyro Ball,Heavy Slam,Flash Cannon,Stone Edge,Rock Slide,Rock Tomb,Focus Blast,Superpower,Body Press,Brick Break,Earthquake,Dig,Scorching Sands,Bulldoze,,,,,,,,,
Whiscash,Water,Ground,,,,,,Water,Ground,Spark,Stone Edge,Rock Slide,Rock Tomb,,,,,,,,,,,,,,,,,,,,,,,
Abomasnow,Grass,Ice,,132.0,132.0,,,Grass,,Iron Tail,Rock Slide,Brick Break,Low Kick,Body Press,Earthquake,Earth Power,,,,,,,,,,,,,,,,,,,,
Aerodactyl,Rock,Flying,,105.0,60.0,,,Rock,,Thunder Fang,Aqua Tail,Fire Fang,Flamethrower,Iron Head,Earthquake,Earth Power,Bulldoze,,,,,,,,,,,,,,,,,,,
Ampharos,Electric,,Dragon,95.0,165.0,,,Electric,,Fire Punch,Iron Tail,Power Gem,Meteor Beam,Focus Blast,Brick Break,Low Kick,Dynamic Punch,Bulldoze,Stomping Tantrum,Dig,,,,,,,,,,,,,,,,
Appletun,Grass,Dragon,,85.0,100.0,,,Grass,,Gyro Ball,Iron Head,Heavy Slam,Body Press,Superpower,Earthquake,Bulldoze,,,,,,,,,,,,,,,,,,,,
Arcanine,Fire,,,110.0,100.0,,,Fire,,Wild Charge,Thunder Fang,Solar Beam,Iron Head,Iron Tail,Close Combat,Reversal,Scorching Sands,Bulldoze,Dig,,,,,,,,,,,,,,,,,
Armarouge,Fire,Psychic,,60.0,125.0,,,Fire,,Energy Ball,Solar Beam,Flash Cannon,Meteor Beam,Aura Sphere,Focus Blast,Scorching Sands,,,,,,,,,,,,,,,,,,,,
Azumarill,Water,Fairy,,149.0,60.0,,,Water,,Grass Knot,Iron Tail,Brick Break,Focus Blast,Superpower,Dynamic Punch,Bulldoze,Dig,,,,,,,,,,,,,,,,,,,
Bewear,Normal,Fighting,,125.0,55.0,,,Fighting,,Thunder Punch,Iron Head,Rock Slide,Rock Tomb,Earthquake,Bulldoze,,,,,,,,,,,,,,,,,,,,,
Bibarel,Normal,Water,,85.0,55.0,,,Water,,Thunderbolt,Grass Knot,Iron Tail,Superpower,Stomping Tantrum,Dig,Bulldoze,,,,,,,,,,,,,,,,,,,,
Boltund,Electric,,,90.0,90.0,,,Electric,,Fire Fang,Dig,,,,,,,,,,,,,,,,,,,,,,,,,
Bronzong,Steel,Psychic,,89.0,79.0,,,Steel,,Grass Knot,Solar Beam,Power Gem,Rock Slide,Meteor Beam,Rock Blast,Body Press,Earthquake,,,,,,,,,,,,,,,,,,,
Brute Bonnet,Grass,Dark,,127.0,79.0,,,Grass,,Close Combat,Body Press,Stomping Tantrum,Earth Power,,,,,,,,,,,,,,,,,,,,,,,
Cacturne,Grass,Dark,,115.0,115.0,,,Grass,,Thunder Punch,Low Kick,Superpower,Dynamic Punch,Drain Punch,Revenge,Stomping Tantrum,Dig,Bulldoze,,,,,,,,,,,,,,,,,,
Celebi,Psychic,Grass,,100.0,100.0,,,Grass,,Aura Sphere,Earth Power,,,,,,,,,,,,,,,,,,,,,,,,,
Centiskorch,Fire,Bug,,115.0,90.0,,,Fire,,Thunder Fang,Scald,Power Whip,Solar Beam,Scorching Sands,,,,,,,,,,,,,,,,,,,,,,
Charizard,Fire,Flying,Dragon,,,,,Fire,,Thunder Punch,Solar Beam,Iron Tail,Rock Slide,Rock Tomb,Brick Break,Focus Blast,Dynamic Punch,Submission,Earthquake,Scorching Sands,Bulldoze,Dig,,,,,,,,,,,,,,
Claydol,Ground,Psychic,,,,,,Ground,,Grass Knot,Solar Beam,Gyro Ball,Rock Slide,Stone Edge,Rock Tomb,Body Press,,,,,,,,,,,,,,,,,,,,
Copperajah,Steel,,,,,,,Steel,,Supercell Slam,Power Whip,Heat Crash,Rock Slide,Stone Edge,Rock Blast,Rock Tomb,Body Press,Brick Break,Superpower,Revenge,Earthquake,Earth Power,Bulldoze,Dig,,,,,,,,,,,,
Crabominable,Fighting,Ice,,,,,,Fighting,,Thunder Punch,Crabhammer,Liquidation,Liquidation,Iron Head,Hard Press,Rock Slide,Stone Edge,Rock Tomb,Earthquake,Bulldoze,,,,,,,,,,,,,,,,
Crustle,Bug,Rock,,,,,,Rock,,Solar Beam,Solar Blade,Heavy Slam,Body Press,Earthquake,Bulldoze,Dig,,,,,,,,,,,,,,,,,,,,
Dedenne,Electric,Fairy,,,,,,Electric,,Grass Knot,Seed Bomb,Iron Tail,Dig,,,,,,,,,,,,,,,,,,,,,,,
Delibird,Ice,Flying,,,,,,Freeze Dry,,Freeze Dry,Seed Bomb,Steel Wing,Reversal,Brick Break,Drill Run,,,,,,,,,,,,,,,,,,,,,
Delphox,Fire,Psychic,,,,,,Fire,,Thunder Punch,Grass Knot,Solar Beam,Iron Tail,Focus Blast,Low Kick,Scorching Sands,,,,,,,,,,,,,,,,,,,,
Diggersby,Normal,Ground,,,,,,Ground,,Wild Charge,Thunder Punch,Surf,Grass Knot,Fire Punch,Iron Tail,Iron Head,Stone Edge,Rock Slide,Rock Tomb,Low Kick,Superpower,Hammer Arm,Brick Break,,,,,,,,,,,,,
Donphan,Ground,,,,,,Yes,Ground,,Thunder Fang,Seed Bomb,Fire Fang,Gyro Ball,Heavy Slam,Iron Tail,Iron Head,Smart Strike,Head Smash,Stone Edge,Rock Slide,Rock Tomb,Superpower,Body Press,,,,,,,,,,,,,
Dracozolt,Electric,Dragon,,,,,,Electric,,Flamethrower,Fire Fang,Iron Tail,Meteor Beam,Stone Edge,Rock Slide,Rock Tomb,Rock Blast,Low Kick,Earthquake,Earth Power,Bulldoze,,,,,,,,,,,,,,,
Duraludon,Steel,Dragon,,,,,,Steel,,Thunderbolt,Solar Beam,Stone Edge,Rock Slide,Rock Tomb,Body Press,Brick Break,Stomping Tantrum,,,,,,,,,,,,,,,,,,,
Durant,Bug,Steel,,,,,,Steel,,Thunder Fang,Energy Ball,Stone Edge,Rock Slide,Rock Tomb,Superpower,Dig,Stomping Tantrum,,,,,,,,,,,,,,,,,,,
Eelektross,Electric,,,,,,,Electric,,Aqua Tail,Liquidation,Grass Knot,Giga Drain,Flamethrower,Fire Punch,Heavy Slam,Iron Tail,Flash Cannon,Rock Slide,Rock Tomb,Close Combat,Superpower,Body Press,Brick Break,Drain Punch,Stomping Tantrum,Bulldoze,,,,,,,,,
Eiscue,Ice,,,,,,,Freeze Dry,,Freeze Dry,Hydro Pump,Surf,Liquidation,Waterfall,Dive,Brine,Flip Turn,Iron Head,Head Smash,Reversal,,,,,,,,,,,,,,,,
Electivire,Electric,,,,,,,Electric,,Flamethrower,Fire Punch,Iron Tail,Rock Slide,Rock Tomb,Focus Blast,Low Kick,Cross Chop,Hammer Arm,Dynamic Punch,Submission,Brick Break,Low Sweep,Earthquake,Dig,Bulldoze,,,,,,,,,,,
Entei,Fire,,,,,,,Fire,,Solar Beam,Iron Tail,Iron Head,Stone Edge,Reversal,Dig,Stomping Tantrum,Scorching Sands,Bulldoze,,,,,,,,,,,,,,,,,,
Escavalier,Bug,Steel,,,,,,Steel,,Razor Shell,Energy Ball,Giga Drain,Reversal,Close Combat,Focus Blast,Revenge,Drill Run,,,,,,,,,,,,,,,,,,,
Exeggutor,Grass,Psychic,,,,,,Grass,,Low Kick,Earthquake,Bulldoze,,,,,,,,,,,,,,,,,,,,,,,,
Exeggutor-Alola,Grass,Dragon,,,,,,Grass,,Flamethrower,Iron Head,Low Kick,Superpower,Brick Break,Earthquake,Bulldoze,,,,,,,,,,,,,,,,,,,,
Flareon,Fire,,,,,,,Fire,,Zap Cannon,Iron Tail,Superpower,Dig,Scorching Sands,,,,,,,,,,,,,,,,,,,,,,
Flygon,Ground,Dragon,,,,,Yes,Ground,,Thunder Punch,Solar Beam,Giga Drain,Heat Wave,Flamethrower,Fire Punch,Iron Tail,Steel Wing,Stone Edge,Rock Slide,Rock Tomb,Superpower,Vacuum Wave,Earthquake,Bulldoze,,,,,,,,,,,,
Forretress,Bug,Steel,,,,,,Steel,,Zap Cannon,Volt Switch,Solar Beam,Seed Bomb,Giga Drain,Stone Edge,Rock Slide,Rock Tomb,Reversal,Body Press,Revenge,Earthquake,Earth Power,Drill Run,Dig,Bulldoze,,,,,,,,,,,
Gallade,Psychic,Fighting,,,,,,Fighting,,Thunderbolt,Thunder Punch,Aqua Cutter,Solar Blade,Grass Knot,Energy Ball,Leaf Blade,Fire Punch,Mystical Fire,Stone Edge,Rock Slide,Rock Tomb,Earthquake,Bulldoze,,,,,,,,,,,,,
Gigalith,Rock,,,,,,,Rock,,Solar Beam,Heavy Slam,Flash Cannon,Iron Head,Superpower,Body Press,Earthquake,Earth Power,Bulldoze,,,,,,,,,,,,,,,,,,
Glaceon,Ice,,,,,,,Freeze Dry,,Freeze Dry,Aqua Tail,Iron Tail,Dig,,,,,,,,,,,,,,,,,,,,,,,
Glalie,Ice,,,,,,,Freeze Dry,,Freeze Dry,Gyro Ball,Iron Head,Earthquake,Bulldoze,,,,,,,,,,,,,,,,,,,,,,
Gogoat,Grass,,,,,,,Grass,,Wild Charge,Surf,Iron Tail,Rock Slide,Superpower,Brick Break,Earthquake,Dig,Bulldoze,,,,,,,,,,,,,,,,,,
Golduck,Water,,,,,,,Water,,Grass Knot,Iron Tail,Power Gem,Focus Blast,Low Kick,Cross Chop,Dynamic Punch,Submission,Brick Break,Low Sweep,Vacuum Wave,Dig,Mud Bomb,,,,,,,,,,,,,,
Golurk,Ground,Ghost,,,,,,Ground,,Thunderbolt,Thunder Punch,Grass Knot,Solar Beam,Heat Crash,Fire Punch,Hard Press,Gyro Ball,Heavy Slam,Flash Cannon,Stone Edge,Rock Slide,Rock Tomb,Close Combat,Focus Blast,Low Kick,Superpower,Hammer Arm,Dynamic Punch,Body Press,Brick Break,Drain Punch,Low Sweep,,,,
Gourgeist,Ghost,Grass,,,,,,Grass,,Mystical Fire,Gyro Ball,Rock Slide,Focus Blast,,,,,,,,,,,,,,,,,,,,,,,
Hariyama,Fighting,,,,,,,Fighting,,Thunder Punch,Surf,Brine,Fire Punch,Heavy Slam,Iron Head,Bullet Punch,Stone Edge,Rock Slide,Rock Tomb,Headlong Rush,Earthquake,Dig,Bulldoze,,,,,,,,,,,,,
Heatmor,Fire,,,,,,,Fire,,Thunder Punch,Solar Beam,Giga Drain,Rock Tomb,Focus Blast,Low Kick,Superpower,Drain Punch,Dig,Stomping Tantrum,Scorching Sands,,,,,,,,,,,,,,,,
Heliolisk,Electric,Normal,,,,,,Electric,,Surf,Grass Knot,Solar Beam,Fire Punch,Iron Tail,Rock Slide,Rock Tomb,Focus Blast,Low Kick,Low Sweep,Dig,Bulldoze,,,,,,,,,,,,,,,
Heracross,Bug,Fighting,,,,,,Fighting,,Bullet Seed,Smart Strike,Stone Edge,Rock Slide,Rock Tomb,Rock Blast,Earthquake,Dig,Bulldoze,,,,,,,,,,,,,,,,,,
Hitmonchan,Fighting,,,,,,,Fighting,,Thunder Punch,Fire Punch,Bullet Punch,Stone Edge,Rock Slide,Rock Tomb,Earthquake,Bulldoze,,,,,,,,,,,,,,,,,,,
Incineroar,Fire,Dark,,,,,,Fire,,Thunder Punch,Iron Head,Reversal,Close Combat,Focus Blast,Low Kick,Cross Chop,Brick Break,Drain Punch,Low Sweep,Revenge,Earthquake,Scorching Sands,Bulldoze,,,,,,,,,,,,,
Jolteon,Electric,,,,,,,Electric,,Iron Tail,Dig,,,,,,,,,,,,,,,,,,,,,,,,,
Krookodile,Ground,Dark,,,,,,Ground,,Thunder Fang,Aqua Tail,Grass Knot,Fire Fang,Iron Tail,Stone Edge,Rock Slide,Rock Tomb,Focus Blast,Low Kick,Close Combat,Brick Break,Low Sweep,Revenge,,,,,,,,,,,,,
Leafeon,Grass,,,,,,,Grass,,Iron Tail,Dig,,,,,,,,,,,,,,,,,,,,,,,,,
Lopunny,Normal,,Fighting,,,,,Fighting,,Thunderbolt,Thunder Punch,Grass Knot,Solar Beam,Fire Punch,Iron Tail,Reversal,High Jump Kick,Close Combat,Focus Blast,Low Kick,Jump Kick,Sky Uppercut,Aura Sphere,Drain Punch,Low Sweep,Dig,,,,,,,,,,
Lunatone,Rock,Psychic,,,,,,Rock,,Grass Knot,Gyro Ball,Iron Head,Earthquake,Earth Power,Bulldoze,,,,,,,,,,,,,,,,,,,,,
Lycanroc,Rock,,,,,,,Rock,,Thunder Fang,Fire Fang,Iron Tail,Iron Head,Close Combat,Brick Break,Earth Power,Drill Run,Dig,Stomping Tantrum,Bulldoze,,,,,,,,,,,,,,,,
Lycanroc-Dusk,Rock,,,,,,,Rock,,Thunder Fang,Fire Fang,Iron Tail,Iron Head,Reversal,Close Combat,Brick Break,Earth Power,Drill Run,Dig,Stomping Tantrum,Bulldoze,,,,,,,,,,,,,,,
Lycanroc-Midnight,Rock,,,,,,,Rock,,Thunder Punch,Thunder Fang,Fire Punch,Fire Fang,Iron Tail,Iron Head,Reversal,Close Combat,Brick Break,Low Sweep,Earth Power,Dig,Stomping Tantrum,Bulldoze,,,,,,,,,,,,,
Machamp,Fighting,,,,,,,Fighting,,Thunder Punch,Flamethrower,Fire Punch,Heavy Slam,Bullet Punch,Stone Edge,Rock Slide,Rock Tomb,Rock Blast,Earthquake,Dig,Bulldoze,,,,,,,,,,,,,,,
Magmortar,Fire,,,,,,Yes,Fire,,Thunderbolt,Thunder Punch,Solar Beam,Iron Tail,Rock Slide,Rock Tomb,Focus Blast,Low Kick,Cross Chop,Dynamic Punch,Submission,Brick Break,Low Sweep,Mach Punch,Earthquake,Scorching Sands,Bulldoze,,,,,,,,,,
Mantine,Water,Flying,,,,,,Water,,Seed Bomb,Bullet Seed,Iron Head,Rock Slide,Rock Tomb,Rock Blast,Body Press,Earthquake,Bulldoze,,,,,,,,,,,,,,,,,,
Marowak,Ground,,,,,,,Ground,,Thunder Punch,Bubble Beam,Flamethrower,Fire Punch,Iron Tail,Iron Head,Stone Edge,Rock Slide,Rock Tomb,Low Kick,Dynamic Punch,Submission,Brick Break,,,,,,,,,,,,,,
Marowak-Alola,Fire,Ghost,,,,,,Fire,,Thunderbolt,Thunder Punch,Fire Punch,Iron Tail,Iron Head,Stone Edge,Rock Slide,Rock Tomb,Focus Blast,Low Kick,Dynamic Punch,Submission,Brick Break,Earthquake,Earth Power,Dig,Scorching Sands,Bone Club,Bulldoze,Bonemerang,Bone Rush,,,,,,
Mawile,Steel,Fairy,,,,,,Steel,,Thunder Punch,Thunder Fang,Grass Knot,Solar Beam,Flamethrower,Fire Fang,Stone Edge,Rock Slide,Rock Tomb,Focus Blast,Dynamic Punch,Brick Break,,,,,,,,,,,,,,,
Medicham,Fighting,Psychic,,,,,Yes,Fighting,,Thunder Punch,Grass Knot,Energy Ball,Fire Punch,Rock Slide,Rock Tomb,,,,,,,,,,,,,,,,,,,,,
Meganium,Grass,,,,,,,Grass,,Iron Tail,Body Press,Earthquake,Bulldoze,,,,,,,,,,,,,,,,,,,,,,,
Meloetta,Normal,Psychic,Fighting,,,,,Fighting,,Thunderbolt,Thunder Punch,Grass Knot,Energy Ball,Fire Punch,Stone Edge,Close Combat,Focus Blast,Low Kick,Reversal,Brick Break,Drain Punch,Wake Up Slap,Low Sweep,,,,,,,,,,,,,
Metagross,Steel,Psychic,,,,,Yes,Steel,,Thunder Punch,Grass Knot,Meteor Beam,Stone Edge,Rock Slide,Rock Tomb,Hammer Arm,Dynamic Punch,Body Press,Brick Break,Earthquake,Bulldoze,,,,,,,,,,,,,,,
Minior,Rock,Flying,,,,,,Rock,,Solar Beam,Gyro Ball,Iron Head,Earthquake,Earth Power,Scorching Sands,Bulldoze,,,,,,,,,,,,,,,,,,,,
Morpeko,Electric,Dark,,,,,,Electric,,Seed Bomb,Bullet Seed,Fire Fang,Reversal,Brick Break,Revenge,Stomping Tantrum,,,,,,,,,,,,,,,,,,,,
Mr. Rime,Ice,Psychic,,,,,,Freeze Dry,,Freeze Dry,Thunderbolt,Grass Knot,Energy Ball,Solar Beam,Focus Blast,Brick Break,Drain Punch,Wake Up Slap,Stomping Tantrum,,,,,,,,,,,,,,,,,
Nidoking,Poison,Ground,,,,,,Ground,,Thunderbolt,Thunder Punch,Aqua Tail,Surf,Bubble Beam,Flamethrower,Fire Punch,Iron Tail,Smart Strike,Head Smash,Stone Edge,Rock Slide,Rock Tomb,Rock Blast,Focus Blast,Superpower,Dynamic Punch,Body Press,Submission,Brick Break,,,,,,,
Nidoqueen,Poison,Ground,,,,,,Ground,,Thunderbolt,Thunder Punch,Aqua Tail,Surf,Bubble Beam,Flamethrower,Fire Punch,Iron Tail,Stone Edge,Rock Slide,Rock Tomb,Rock Blast,Focus Blast,Superpower,Dynamic Punch,Body Press,Submission,Brick Break,,,,,,,,,
Ninetales,Fire,,,,,,,Fire,,Solar Beam,Energy Ball,Iron Tail,Dig,Scorching Sands,,,,,,,,,,,,,,,,,,,,,,
Ninetales-Alola,Ice,Fairy,,,,,Yes,Freeze Dry,,Freeze Dry,Aqua Tail,Solar Beam,Iron Tail,Dig,,,,,,,,,,,,,,,,,,,,,,
Octillery,Water,,,,,,,Water,,Energy Ball,Seed Bomb,Bullet Seed,Flamethrower,Flash Cannon,Rock Blast,,,,,,,,,,,,,,,,,,,,,
Ogerpon,Grass,,,,,,,Grass,,Rock Tomb,Reversal,Low Kick,Superpower,Brick Break,Low Sweep,Stomping Tantrum,,,,,,,,,,,,,,,,,,,,
Okidogi,Poison,Fighting,,,,,,Fighting,,Thunder Punch,Thunder Fang,Fire Punch,Fire Fang,Hard Press,Iron Head,Rock Tomb,High Horsepower,Dig,Stomping Tantrum,,,,,,,,,,,,,,,,,
Pachirisu,Electric,,,,,,,Electric,,Grass Knot,Seed Bomb,Iron Tail,Dig,,,,,,,,,,,,,,,,,,,,,,,
Palossand,Ghost,Ground,,,,,,Ground,,Brine,Energy Ball,Giga Drain,Flash Cannon,Stone Edge,Rock Slide,Rock Tomb,,,,,,,,,,,,,,,,,,,,
Pangoro,Fighting,Dark,,,,,,Fighting,,Thunder Punch,Surf,Grass Knot,Fire Punch,Iron Head,Stone Edge,Rock Slide,Rock Tomb,Earthquake,Dig,Bulldoze,,,,,,,,,,,,,,,,
Parasect,Bug,Grass,,,,,,Grass,,Brick Break,Dig,,,,,,,,,,,,,,,,,,,,,,,,,
Passimian,Fighting,,,,,,,Fighting,,Grass Knot,Energy Ball,Seed Bomb,Gyro Ball,Iron Tail,Iron Head,Rock Slide,Rock Tomb,Earthquake,Bulldoze,,,,,,,,,,,,,,,,,
Perrserker,Steel,,,,,,,Steel,,Thunderbolt,Seed Bomb,Close Combat,Brick Break,Dig,,,,,,,,,,,,,,,,,,,,,,
Pikachu,Electric,,,,,,,Electric,,Surf,Grass Knot,Iron Tail,Reversal,Dynamic Punch,Submission,Brick Break,Dig,,,,,,,,,,,,,,,,,,,
Pincurchin,Electric,,,,,,,Electric,,Hydro Pump,Surf,Muddy Water,Liquidation,Scald,Brine,Bubble Beam,Reversal,,,,,,,,,,,,,,,,,,,
Pyroar,Fire,Normal,,,,,,Fire,,Wild Charge,Thunder Fang,Solar Beam,Iron Tail,Dig,Bulldoze,,,,,,,,,,,,,,,,,,,,,
Raichu,Electric,,,,,,,Electric,,Surf,Grass Knot,Iron Tail,Reversal,Focus Blast,Dynamic Punch,Submission,Brick Break,Dig,,,,,,,,,,,,,,,,,,
Raichu-Alola,Electric,Psychic,,,,,,Electric,,Surf,Grass Knot,Iron Tail,Reversal,Focus Blast,Dynamic Punch,Submission,Brick Break,Dig,,,,,,,,,,,,,,,,,,
Raikou,Electric,,,,,,,Electric,,Scald,Iron Tail,Iron Head,Aura Sphere,Dig,Bulldoze,,,,,,,,,,,,,,,,,,,,,
Ramparados,Rock,,,,,,,Rock,,Supercell Slam,Thunderbolt,Thunder Punch,Surf,Flamethrower,Fire Punch,Heavy Slam,Iron Tail,Iron Head,Rock Slide,Focus Blast,Superpower,Hammer Arm,Body Press,Brick Break,Earthquake,Earth Power,Dig,Bulldoze,,,,,,,,
Rapidash,Fire,,,,,,,Fire,,Wild Charge,Solar Blade,Solar Beam,Iron Tail,Smart Strike,Low Kick,High Horsepower,Drill Run,Scorching Sands,,,,,,,,,,,,,,,,,,
Regirock,Rock,,,,,,,Rock,,Zap Cannon,Thunderbolt,Thunder Punch,Fire Punch,Hard Press,Heavy Slam,Flash Cannon,Iron Head,Focus Blast,Superpower,Hammer Arm,Dynamic Punch,Body Press,Brick Break,Drain Punch,Earthquake,Earth Power,Dig,Bulldoze,,,,,,,,
Registeel,Steel,,,,,,,Steel,,Zap Cannon,Thunder Punch,Meteor Beam,Rock Slide,Rock Tomb,Focus Blast,Superpower,Hammer Arm,Dynamic Punch,Body Press,Brick Break,Earthquake,Bulldoze,,,,,,,,,,,,,,
Runerigus,Ground,Ghost,,,,,,Ground,,Grass Knot,Energy Ball,Stone Edge,Rock Slide,Rock Blast,Revenge,,,,,,,,,,,,,,,,,,,,,
Samurott,Water,,,,,,,Water,,Grass Knot,Iron Tail,Smart Strike,Superpower,Sacred Sword,Brick Break,Revenge,Vacuum Wave,Drill Run,Dig,Bulldoze,,,,,,,,,,,,,,,,
Sandaconda,Ground,,,,,,,Ground,,Thunder Fang,Fire Fang,Iron Head,Stone Edge,Rock Slide,Rock Tomb,Rock Blast,Body Press,,,,,,,,,,,,,,,,,,,
Sawk,Fighting,,,,,,,Fighting,,Thunder Punch,Grass Knot,Fire Punch,Stone Edge,Rock Slide,Rock Tomb,Earthquake,Dig,Bulldoze,,,,,,,,,,,,,,,,,,
Sawsbuck,Normal,Grass,,,,,,Grass,,Wild Charge,Smart Strike,Jump Kick,High Horsepower,Dig,Bulldoze,,,,,,,,,,,,,,,,,,,,,
Sceptile,Grass,,Dragon,,,,,Grass,,Thunder Punch,Iron Tail,Rock Slide,Rock Tomb,Focus Blast,Low Kick,Dynamic Punch,Brick Break,Drain Punch,Low Sweep,Vacuum Wave,Earthquake,Dig,Bulldoze,,,,,,,,,,,,,
Scrafty,Dark,Fighting,,,,,,Fighting,,Thunder Punch,Grass Knot,Fire Punch,Iron Tail,Iron Head,Head Smash,Stone Edge,Rock Slide,Rock Tomb,Dig,,,,,,,,,,,,,,,,,
Shiftry,Grass,Dark,,,,,,Grass,,Heat Wave,Rock Slide,Rock Tomb,Reversal,Focus Blast,Low Kick,Brick Break,Low Sweep,Revenge,Vacuum Wave,,,,,,,,,,,,,,,,,
Simipour,Water,,,,,,,Water,,Grass Knot,Iron Tail,Rock Slide,Rock Tomb,Focus Blast,Low Kick,Superpower,Brick Break,Low Sweep,Dig,,,,,,,,,,,,,,,,,
Simisage,Grass,,,,,,,Grass,,Iron Tail,Rock Slide,Rock Tomb,Focus Blast,Low Kick,Superpower,Brick Break,Low Sweep,Dig,,,,,,,,,,,,,,,,,,
Simisear,Fire,,,,,,,Fire,,Grass Knot,Solar Beam,Iron Tail,Rock Slide,Rock Tomb,Focus Blast,Low Kick,Superpower,Brick Break,Low Sweep,Dig,,,,,,,,,,,,,,,,
Skeledirge,Fire,Ghost,,,,,,Fire,,Thunder Fang,Solar Beam,Seed Bomb,Earthquake,Earth Power,Dig,Scorching Sands,,,,,,,,,,,,,,,,,,,,
Slither Wing,Bug,Fighting,,,,,,Fighting,,Wild Charge,Giga Drain,Flare Blitz,Heat Crash,Heat Wave,Temper Flare,Heavy Slam,Earthquake,,,,,,,,,,,,,,,,,,,
Slowking,Water,Psychic,,,,,Yes,Water,,Zap Cannon,Thunder Punch,Grass Knot,Flamethrower,Fire Punch,Iron Tail,Power Gem,Rock Slide,Rock Tomb,Focus Blast,Dynamic Punch,Brick Break,Drain Punch,Earthquake,Dig,Bulldoze,,,,,,,,,,,
Solrock,Rock,Psychic,,,,,,Rock,,Grass Knot,Solar Beam,Overheat,Flare Blitz,Flamethrower,Gyro Ball,Iron Head,Earthquake,Bulldoze,,,,,,,,,,,,,,,,,,
Sudowoodo,Rock,,,,,,,Rock,,Thunder Punch,Grass Knot,Wood Hammer,Fire Punch,Low Kick,Hammer Arm,Dynamic Punch,Body Press,Brick Break,Drain Punch,Low Sweep,Earthquake,Earth Power,Dig,Bulldoze,,,,,,,,,,,,
Tangrowth,Grass,,,,,,,Grass,,Rock Slide,Rock Tomb,Focus Blast,Brick Break,Earthquake,Bulldoze,,,,,,,,,,,,,,,,,,,,,
Tapu Bulu,Grass,Fairy,,,,,,Grass,,Smart Strike,Stone Edge,Rock Slide,Rock Tomb,Close Combat,Focus Blast,Superpower,Brick Break,Revenge,High Horsepower,,,,,,,,,,,,,,,,,
Tauros-Paldea-Combat,Fighting,,,,,,,Fighting,,Wild Charge,Surf,Iron Head,Smart Strike,Stone Edge,Rock Slide,Rock Tomb,Earthquake,Drill Run,Dig,Bulldoze,,,,,,,,,,,,,,,,
Throh,Fighting,,,,,,,Fighting,,Thunder Punch,Grass Knot,Fire Punch,Stone Edge,Rock Slide,Rock Tomb,Earthquake,Dig,Bulldoze,,,,,,,,,,,,,,,,,,
Torkoal,Fire,,,,,,,Fire,,Solar Beam,Gyro Ball,Heavy Slam,Iron Tail,Stone Edge,Rock Slide,Rock Tomb,Superpower,Body Press,Earthquake,Earth Power,Scorching Sands,Bulldoze,,,,,,,,,,,,,,
Toxicroak,Poison,Fighting,,,,,Yes,Fighting,,Thunder Punch,Bullet Punch,Stone Edge,Rock Slide,Rock Tomb,Earthquake,Dig,Bulldoze,,,,,,,,,,,,,,,,,,,
Trevenant,Ghost,Grass,,,,,,Grass,,Burning Jealousy,Rock Slide,Focus Blast,Drain Punch,Earthquake,Dig,Bulldoze,,,,,,,,,,,,,,,,,,,,
Tropius,Grass,Flying,,,,,,Grass,,Steel Wing,Body Press,Earthquake,Stomping Tantrum,Bulldoze,,,,,,,,,,,,,,,,,,,,,,
Turtonator,Fire,Dragon,,,,,,Fire,,Solar Beam,Heavy Slam,Iron Tail,Flash Cannon,Iron Head,Head Smash,Stone Edge,Rock Tomb,Focus Blast,Body Press,Revenge,Earthquake,Stomping Tantrum,Scorching Sands,Bulldoze,,,,,,,,,,,,
Typhlosion,Fire,,,,,,,Fire,,Wild Charge,Thunder Punch,Solar Beam,Gyro Ball,Iron Tail,Iron Head,Rock Slide,Rock Tomb,Reversal,Focus Blast,Low Kick,Dynamic Punch,Submission,Brick Break,Earthquake,Dig,Scorching Sands,Bulldoze,,,,,,,,,
Typhlosion-Hisui,Fire,Ghost,,,,,,Fire,,Wild Charge,Thunder Punch,Solar Beam,Gyro Ball,Iron Tail,Iron Head,Rock Slide,Reversal,Focus Blast,Low Kick,Submission,Brick Break,Earthquake,Dig,Bulldoze,,,,,,,,,,,,
Tyranitar,Rock,Dark,,,,,,Rock,,Thunderbolt,Thunder Punch,Thunder Fang,Hydro Pump,Aqua Tail,Surf,Muddy Water,Flamethrower,Fire Punch,Fire Fang,Heavy Slam,Iron Tail,Iron Head,Focus Blast,Low Kick,Superpower,Dynamic Punch,Brick Break,Earthquake,Earth Power,Dig,Bulldoze,,,,,
Tyrantrum,Rock,Dragon,,,,,,Rock,,Thunder Fang,Fire Fang,Iron Tail,Iron Head,Close Combat,Brick Break,Earthquake,Earth Power,Dig,Bulldoze,,,,,,,,,,,,,,,,,
Vikavolt,Bug,Electric,,,,,,Electric,,Solar Beam,Energy Ball,Flash Cannon,Dig,Bulldoze,,,,,,,,,,,,,,,,,,,,,,
Zarude,Dark,Grass,,,,,,Grass,,Iron Tail,Rock Slide,Rock Tomb,Close Combat,Low Kick,Hammer Arm,Low Sweep,Revenge,Dig,Stomping Tantrum,,,,,,,,,,,,,,,,,
Zebstrika,Electric,,,,,,,Electric,,Overheat,Smart Strike,Low Kick,High Horsepower,Bulldoze,,,,,,,,,,,,,,,,,,,,,,
Absol,Dark,,,150.0,115.0,,,,,Thunderbolt,Flamethrower,Iron Tail,Rock Slide,Stone Edge,Close Combat,,,,,,,,,,,,,,,,,,,,,
Accelgor,Bug,,,70.0,100.0,,,,,Water Shuriken,Energy Ball,Focus Blast,Drain Punch,Reversal,,,,,,,,,,,,,,,,,,,,,,
Altaria,Dragon,Flying,Fairy,110.0,110.0,,,,,Solar Beam,Flamethrower,Steel Wing,Earthquake,Bulldoze,,,,,,,,,,,,,,,,,,,,,,
Ambipom,Normal,,,100.0,60.0,,,,,Thunder Punch,Thunderbolt,Shock Wave,Zap Cannon,Chilling Water,Seed Bomb,Trailblaze,Grass Knot,Fire Punch,Iron Tail,Smack Down,Low Kick,Brick Break,Dynamic Punch,Low Sweep,Revenge,Dig,,,,,,,,,,
Arbok,Poison,,,95.0,65.0,,,,,Thunder Fang,Aqua Tail,Seed Bomb,Giga Drain,Fire Fang,Iron Tail,Rock Slide,Rock Tomb,Earthquake,Dig,Bulldoze,Mud Bomb,,,,,,,,,,,,,,,
Ariados,Bug,Poison,,90.0,60.0,,,,,Solar Beam,Giga Drain,Smart Strike,Stomping Tantrum,Dig,,,,,,,,,,,,,,,,,,,,,,
Audino,Normal,,Fairy,60.0,80.0,,,,,Thunderbolt,Thunder Punch,Wild Charge,Surf,Grass Knot,Solar Beam,Flamethrower,Fire Punch,Iron Tail,Drain Punch,Low Kick,Stomping Tantrum,Dig,,,,,,,,,,,,,,
Beartic,Ice,,,130.0,70.0,,Yes,,,Aqua Jet,Liquidation,Surf,Dive,Brine,Grass Knot,Heavy Slam,Hard Press,Rock Slide,Stone Edge,Rock Tomb,Close Combat,Reversal,Low Kick,Body Press,Brick Break,Earthquake,Dig,Bulldoze,,,,,,,,
Beedrill,Bug,Poison,,90.0,45.0,,,,,Solar Beam,Brick Break,Drill Run,,,,,,,,,,,,,,,,,,,,,,,,
Blissey,Normal,,,10.0,75.0,,,,,Thunderbolt,Bubble Beam,Grass Knot,Solar Beam,Flamethrower,Focus Blast,Mud Bomb,,,,,,,,,,,,,,,,,,,,
Bouffalant,Normal,,,110.0,40.0,,,,,Wild Charge,Iron Head,Smart Strike,Rock Slide,Stone Edge,Rock Tomb,Close Combat,Reversal,Earthquake,Bulldoze,,,,,,,,,,,,,,,,,
Castform,Normal,,,70.0,70.0,,,,,Thunderbolt,Scald,Energy Ball,Solar Beam,Flamethrower,,,,,,,,,,,,,,,,,,,,,,
Cinccino,Normal,,,,,,,,,Thunderbolt,Shock Wave,Chilling Water,Seed Bomb,Trailblaze,Bullet Seed,Grass Knot,Iron Tail,Rock Blast,Focus Blast,Wake Up Slap,Dig,,,,,,,,,,,,,,,
Corsola-Galar,Ghost,,,,,,,,,Hydro Pump,Surf,Liquidation,Scald,Brine,Giga Drain,Meteor Beam,Head Smash,Stone Edge,Power Gem,Rock Blast,Earthquake,Earth Power,Dig,,,,,,,,,,,,,
Cursola,Ghost,,,,,,,,,Hydro Pump,Scald,Surf,Liquidation,Brine,Giga Drain,Burning Jealousy,Meteor Beam,Power Gem,Head Smash,Stone Edge,Rock Slide,Rock Tomb,Rock Blast,Revenge,Earth Power,Earthquake,Dig,Bulldoze,,,,,,,,
Cyclizar,Dragon,Normal,,,,,,,,Supercell Slam,Thunderbolt,Thunder Fang,Wild Charge,Aqua Tail,Power Whip,Fire Fang,Overheat,Temper Flare,Iron Head,Iron Tail,,,,,,,,,,,,,,,,
Dachsbun,Fairy,,,,,,,,,Thunder Fang,Fire Fang,Body Press,Stomping Tantrum,Dig,,,,,,,,,,,,,,,,,,,,,,
Delcatty,Normal,,,,,,,,,Thunderbolt,Wild Charge,Grass Knot,Solar Beam,Iron Tail,Wake Up Slap,Dig,Stomping Tantrum,Mud Bomb,,,,,,,,,,,,,,,,,,
Deoxys-Defense,Psychic,,,,,,,,,Zap Cannon,Thunderbolt,Thunder Punch,Grass Knot,Solar Beam,Energy Ball,Fire Punch,Meteor Mash,Flash Cannon,Meteor Beam,Rock Slide,Rock Tomb,Focus Blast,Low Kick,Superpower,Dynamic Punch,Brick Break,Drain Punch,Low Sweep,Stomping Tantrum,,,,,,,
Dragalge,Poison,Dragon,,,,,,,,Thunderbolt,Hydro Pump,Liquidation,Aqua Tail,Surf,Muddy Water,Scald,Waterfall,Dive,Flip Turn,Iron Tail,Focus Blast,,,,,,,,,,,,,,,
Drampa,Normal,Dragon,,,,,,,,Thunderbolt,Hydro Pump,Surf,Grass Knot,Solar Beam,Energy Ball,Flamethrower,Steel Wing,Rock Slide,Focus Blast,Superpower,Earthquake,Bulldoze,,,,,,,,,,,,,,
Drapion,Poison,Dark,,,,,,,,Thunder Fang,Aqua Tail,Fire Fang,Iron Tail,Rock Slide,Rock Tomb,Brick Break,Earthquake,Dig,,,,,,,,,,,,,,,,,,
Druddigon,Dragon,,,,,,,,,Thunder Punch,Thunder Fang,Aqua Tail,Surf,Heat Wave,Flamethrower,Fire Fang,Iron Tail,Flash Cannon,Iron Head,Rock Slide,Rock Tomb,Focus Blast,Superpower,Earthquake,Dig,Bulldoze,,,,,,,,,,
Dudunsparce,Normal,,,,,,,,,Zap Cannon,Thunderbolt,Wild Charge,Aqua Tail,Solar Beam,Flamethrower,Gyro Ball,Heavy Slam,Iron Tail,Smart Strike,Rock Slide,Rock Tomb,Body Press,Earthquake,Earth Power,Drill Run,Dig,Bulldoze,,,,,,,,,
Dusknoir,Ghost,,,,,,,,,Thunder Punch,Fire Punch,Hard Press,Rock Slide,Rock Tomb,Focus Blast,Dynamic Punch,Brick Break,Revenge,Bulldoze,,,,,,,,,,,,,,,,,
Enamorus-Therian,Fairy,Flying,,,,,,,,Grass Knot,Mystical Fire,Iron Head,Focus Blast,Superpower,Earth Power,,,,,,,,,,,,,,,,,,,,,
Espeon,Psychic,,,,,,,,,Zap Cannon,Grass Knot,Iron Tail,Power Gem,Dig,,,,,,,,,,,,,,,,,,,,,,
Exploud,Normal,,,,,,,,,Thunder Punch,Thunder Fang,Hydro Pump,Surf,Solar Beam,Overheat,Flamethrower,Fire Punch,Fire Fang,Rock Slide,Rock Tomb,Focus Blast,Low Kick,Hammer Arm,Dynamic Punch,Brick Break,Earthquake,Bulldoze,,,,,,,,,
Farigiraf,Normal,Psychic,,,,,,,,Zap Cannon,Thunderbolt,Grass Knot,Energy Ball,Iron Tail,Iron Head,Low Kick,Earthquake,Bulldoze,,,,,,,,,,,,,,,,,,
Furfrou,Normal,,,,,,,,,Wild Charge,Surf,Grass Knot,Iron Tail,Dig,,,,,,,,,,,,,,,,,,,,,,
Furret,Normal,,,,,,,,,Thunderbolt,Thunder Punch,Aqua Tail,Surf,Grass Knot,Solar Beam,Seed Bomb,Flamethrower,Fire Punch,Iron Tail,Reversal,Focus Blast,Dynamic Punch,Brick Break,Dig,,,,,,,,,,,,
Garbodor,Poison,,,,,,,,,Thunderbolt,Solar Beam,Seed Bomb,Giga Drain,Rock Blast,Focus Blast,Body Press,Drain Punch,Stomping Tantrum,,,,,,,,,,,,,,,,,,
Goodra,Dragon,,,,,,Yes,,,Thunderbolt,Thunder Punch,Hydro Pump,Aqua Tail,Surf,Muddy Water,Scald,Power Whip,Flamethrower,Fire Punch,Iron Tail,Rock Slide,Focus Blast,Superpower,Body Press,Earthquake,Bulldoze,,,,,,,,,,
Gothitelle,Psychic,,,,,,,,,Thunderbolt,Grass Knot,Energy Ball,Rock Slide,Rock Tomb,Focus Blast,Brick Break,Low Sweep,,,,,,,,,,,,,,,,,,,
Granbull,Fairy,,,,,,Yes,,,Zap Cannon,Thunderbolt,Wild Charge,Thunder Punch,Thunder Fang,Solar Beam,Overheat,Flamethrower,Fire Punch,Temper Flare,Fire Fang,Iron Tail,Stone Edge,Rock Slide,Rock Tomb,Reversal,Close Combat,Focus Blast,Low Kick,Dynamic Punch,Brick Break,Low Sweep,Earthquake,Dig,Bulldoze,,
Greedent,Normal,,,,,,,,,Wild Charge,Thunder Fang,Seed Bomb,Bullet Seed,Fire Fang,Gyro Ball,Iron Tail,Superpower,Body Press,Earthquake,Dig,Bulldoze,,,,,,,,,,,,,,,
Grimmsnarl,Dark,Fairy,,,,,,,,Thunder Punch,Power Whip,Fire Punch,Burning Jealousy,Focus Blast,Low Kick,Superpower,Hammer Arm,Body Press,Brick Break,Drain Punch,Low Sweep,Revenge,Stomping Tantrum,,,,,,,,,,,,,
Grumpig,Psychic,,,,,,,,,Thunder Punch,Grass Knot,Energy Ball,Seed Bomb,Fire Punch,Iron Tail,Flash Cannon,Power Gem,Focus Blast,Low Kick,Dynamic Punch,Body Press,Brick Break,Drain Punch,Low Sweep,Earth Power,Dig,Stomping Tantrum,Bulldoze,,,,,,,,
Gumshoos,Normal,,,,,,,,,Wild Charge,Thunder Punch,Thunder Fang,Seed Bomb,Fire Punch,Fire Fang,Iron Tail,Iron Head,Rock Tomb,Reversal,Low Sweep,Revenge,Earthquake,Dig,Bulldoze,,,,,,,,,,,,
Hoopa,Psychic,Ghost,,,,,,,,Thunderbolt,Thunder Punch,Grass Knot,Energy Ball,Fire Punch,Rock Tomb,Focus Blast,Brick Break,Drain Punch,,,,,,,,,,,,,,,,,,
Houndstone,Ghost,,,,,,,,,Thunder Fang,Fire Fang,Body Press,Dig,Stomping Tantrum,Bulldoze,,,,,,,,,,,,,,,,,,,,,
Jynx,Ice,Psychic,,,,,,,,Bubble Beam,Grass Knot,Energy Ball,Focus Blast,Dynamic Punch,Submission,Brick Break,Drain Punch,Wake Up Slap,,,,,,,,,,,,,,,,,,
Kangaskhan,Normal,,,,,,,,,Zap Cannon,Thunderbolt,Thunder Punch,Aqua Tail,Surf,Bubble Beam,Hydro Pump,Solar Beam,Flamethrower,Fire Punch,Iron Tail,Rock Slide,Rock Tomb,Reversal,Focus Blast,Low Kick,Hammer Arm,Dynamic Punch,Submission,Drain Punch,Brick Break,Earthquake,Dig,Bulldoze,,,
Kecleon,Normal,,,,,,,,,Thunderbolt,Thunder Punch,Aqua Tail,Grass Knot,Solar Beam,Flamethrower,Fire Punch,Iron Tail,Rock Slide,Rock Tomb,Low Kick,Dynamic Punch,Brick Break,Drain Punch,Dig,,,,,,,,,,,,
Komala,Normal,,,,,,,,,Wood Hammer,Seed Bomb,Iron Head,Rock Slide,Rock Tomb,Reversal,Low Kick,Superpower,Brick Break,Low Sweep,Earthquake,Bulldoze,,,,,,,,,,,,,,,
Latias,Dragon,Psychic,,,,,,,,Thunderbolt,Surf,Liquidation,Waterfall,Dive,Grass Knot,Solar Beam,Energy Ball,Mystical Fire,Steel Wing,Aura Sphere,Earthquake,Bulldoze,,,,,,,,,,,,,,
Ledian,Bug,Flying,,,,,,,,Thunder Punch,Solar Beam,Giga Drain,Focus Blast,Dynamic Punch,Brick Break,Drain Punch,Mach Punch,Dig,,,,,,,,,,,,,,,,,,
Lickilicky,Normal,,,,,,,,,Thunderbolt,Thunder Punch,Hydro Pump,Aqua Tail,Surf,Muddy Water,Bubble Beam,Power Whip,Solar Beam,Flamethrower,Fire Punch,Gyro Ball,Iron Tail,Rock Slide,Rock Tomb,Focus Blast,Hammer Arm,Dynamic Punch,Body Press,Submission,Brick Break,Earthquake,Dig,Stomping Tantrum,Bulldoze,,
Linoone,Normal,,,,,,,,,Thunderbolt,Surf,Grass Knot,Seed Bomb,Iron Tail,Dig,Stomping Tantrum,,,,,,,,,,,,,,,,,,,,
Mabosstiff,Dark,,,,,,,,,Wild Charge,Thunder Fang,Fire Fang,Reversal,Dig,,,,,,,,,,,,,,,,,,,,,,
Malamar,Dark,Psychic,,,,,,,,Thunderbolt,Liquidation,Flamethrower,Rock Slide,Reversal,Superpower,,,,,,,,,,,,,,,,,,,,,
Maushold,Normal,,,,,,,,,Grass Knot,Seed Bomb,Bullet Seed,Low Kick,Low Sweep,Dig,,,,,,,,,,,,,,,,,,,,,
Meowstic,Psychic,,,,,,,,,Thunderbolt,Energy Ball,Iron Tail,Dig,,,,,,,,,,,,,,,,,,,,,,,
Meowstic-F,Psychic,,,,,,,,,Thunderbolt,Energy Ball,Iron Tail,Dig,,,,,,,,,,,,,,,,,,,,,,,
Mightyena,Dark,,,,,,,,,Thunder Fang,Fire Fang,Iron Tail,Dig,,,,,,,,,,,,,,,,,,,,,,,
Miltank,Normal,,,,,,,,,Thunderbolt,Thunder Punch,Surf,Solar Beam,Fire Punch,Gyro Ball,Heavy Slam,Iron Tail,Iron Head,Rock Slide,Rock Tomb,Reversal,Focus Blast,Hammer Arm,Dynamic Punch,Body Press,Brick Break,Wake Up Slap,Earthquake,Bulldoze,,,,,,,
Mismagius,Ghost,,,,,,,,,Zap Cannon,Thunderbolt,Grass Knot,Energy Ball,Inferno,Mystical Fire,Burning Jealousy,Power Gem,,,,,,,,,,,,,,,,,,,
Muk,Poison,,,,,,,,,Zap Cannon,Thunderbolt,Thunder Punch,Giga Drain,Flamethrower,Fire Punch,Rock Slide,Rock Tomb,Focus Blast,Dynamic Punch,Brick Break,Drain Punch,Dig,Mud Bomb,,,,,,,,,,,,,
Muk-Alola,Poison,Dark,,,,,Yes,,,Thunderbolt,Thunder Punch,Giga Drain,Flamethrower,Fire Punch,Stone Edge,Rock Slide,Rock Tomb,Focus Blast,Brick Break,Drain Punch,Dig,,,,,,,,,,,,,,,
Necrozma,Psychic,,,,,,,,,Solar Beam,Heat Wave,Flash Cannon,Iron Head,Smart Strike,Meteor Beam,Stone Edge,Power Gem,Rock Slide,Rock Tomb,Rock Blast,Brick Break,Earthquake,Earth Power,Bulldoze,,,,,,,,,,,,
Obstagoon,Dark,Normal,,,,,,,,Thunderbolt,Thunder Punch,Surf,Grass Knot,Seed Bomb,Fire Punch,Iron Tail,Reversal,Close Combat,Low Kick,Cross Chop,Body Press,Submission,Brick Break,Revenge,Dig,Stomping Tantrum,,,,,,,,,,
Oinkologne,Normal,,,,,,,,,Energy Ball,Seed Bomb,Bullet Seed,Iron Head,Body Press,High Horsepower,Earth Power,Dig,Stomping Tantrum,Bulldoze,,,,,,,,,,,,,,,,,
Oinkologne-F,Normal,,,,,,,,,Energy Ball,Seed Bomb,Bullet Seed,Iron Head,Body Press,High Horsepower,Earth Power,Dig,Stomping Tantrum,Bulldoze,,,,,,,,,,,,,,,,,
Oranguru,Normal,Psychic,,,,,,,,Thunderbolt,Energy Ball,Rock Slide,Focus Blast,Brick Break,Bulldoze,,,,,,,,,,,,,,,,,,,,,
Persian,Normal,,,,,,,,,Zap Cannon,Thunderbolt,Bubble Beam,Petal Dance,Seed Bomb,Iron Tail,Power Gem,Dig,,,,,,,,,,,,,,,,,,,
Persian-Alola,Dark,,,,,,,,,Thunderbolt,Seed Bomb,Burning Jealousy,Iron Tail,Power Gem,Dig,,,,,,,,,,,,,,,,,,,,,
Purugly,Normal,,,,,,,,,Thunderbolt,Iron Tail,Wake Up Slap,Dig,Stomping Tantrum,Bulldoze,,,,,,,,,,,,,,,,,,,,,
Rabsca,Bug,Psychic,,,,,,,,Energy Ball,Power Gem,Rock Tomb,Earth Power,Dig,,,,,,,,,,,,,,,,,,,,,,
Rapidash-Galar,Psychic,Fairy,,,,,,,,Wild Charge,Mystical Fire,Iron Tail,Smart Strike,Low Kick,High Horsepower,Drill Run,,,,,,,,,,,,,,,,,,,,
Raticate,Normal,,,,,,,,,Thunderbolt,Wild Charge,Bubble Beam,Grass Knot,Iron Tail,Reversal,Revenge,Dig,Stomping Tantrum,,,,,,,,,,,,,,,,,,
Raticate-Alola,Dark,Normal,,,,,,,,Grass Knot,Iron Tail,Reversal,Revenge,Dig,Stomping Tantrum,,,,,,,,,,,,,,,,,,,,,
Regice,Ice,,,,,,,,,Zap Cannon,Thunderbolt,Thunder Punch,Heavy Slam,Flash Cannon,Iron Head,Rock Slide,Rock Tomb,Focus Blast,Superpower,Hammer Arm,Dynamic Punch,Brick Break,Body Press,Earthquake,Bulldoze,,,,,,,,,,,
Regidrago,Dragon,,,,,,,,,Thunder Fang,Fire Fang,Reversal,Hammer Arm,Earthquake,Earth Power,,,,,,,,,,,,,,,,,,,,,
Regigigas,Normal,,,,,,,,,Thunderbolt,Thunder Punch,Heat Crash,Fire Punch,Hard Press,Heavy Slam,Iron Head,Stone Edge,Rock Slide,Rock Tomb,Focus Blast,Superpower,Hammer Arm,Body Press,Brick Break,Drain Punch,Earthquake,Earth Power,Bulldoze,,,,,,,,
Reuniclus,Psychic,,,,,,,,,Thunder,Thunder Punch,Grass Knot,Energy Ball,Fire Punch,Gyro Ball,Flash Cannon,Rock Slide,Rock Tomb,Focus Blast,Superpower,Hammer Arm,Drain Punch,,,,,,,,,,,,,,
Sableye,Dark,Ghost,,,,,,,,Thunder Punch,Octazooka,Energy Ball,Giga Drain,Fire Punch,Gyro Ball,Power Gem,Rock Tomb,Low Kick,Dynamic Punch,Brick Break,Drain Punch,Low Sweep,Dig,,,,,,,,,,,,,
Scream Tail,Fairy,Psychic,,,,,,,,Thunderbolt,Thunder Punch,Thunder Fang,Grass Knot,Flamethrower,Fire Punch,Fire Fang,Gyro Ball,Rock Tomb,Focus Blast,Drain Punch,Dig,Stomping Tantrum,,,,,,,,,,,,,,
Seviper,Poison,,,,,,,,,Thunder Fang,Aqua Tail,Seed Bomb,Flamethrower,Fire Fang,Iron Tail,Iron Head,Reversal,Brick Break,Earthquake,Dig,Bulldoze,,,,,,,,,,,,,,,
Silvally,Normal,,,,,,,,,Thunderbolt,Thunder Fang,Surf,Flamethrower,Fire Fang,Flash Cannon,Iron Head,Steel Wing,Rock Slide,Reversal,,,,,,,,,,,,,,,,,
Slaking,Normal,,,,,,,,,Thunderbolt,Wild Charge,Thunder Punch,Solar Beam,Seed Bomb,Flamethrower,Fire Punch,Hard Press,Heavy Slam,Rock Slide,Rock Tomb,Reversal,Focus Blast,Low Kick,Hammer Arm,Dynamic Punch,Body Press,Brick Break,Drain Punch,Low Sweep,Earthquake,Dig,Bulldoze,,,,
Slowbro-Galar,Poison,Psychic,,,,,,,,Surf,Muddy Water,Liquidation,Scald,Waterfall,Dive,Razor Shell,Brine,Hydro Pump,Grass Knot,Flamethrower,Iron Tail,Power Gem,Rock Blast,Focus Blast,Body Press,Brick Break,Drain Punch,Earthquake,Dig,Bulldoze,,,,,,
Slurpuff,Fairy,,,,,,,,,Thunderbolt,Surf,Energy Ball,Flamethrower,Drain Punch,,,,,,,,,,,,,,,,,,,,,,
Snorlax,Normal,,,,,,,,,Zap Cannon,Supercell Slam,Thunderbolt,Wild Charge,Thunder Punch,Hydro Pump,Surf,Solar Beam,Seed Bomb,Heat Crash,Flamethrower,Fire Punch,Hard Press,Heavy Slam,Iron Head,Rock Slide,Rock Tomb,Focus Blast,Superpower,Hammer Arm,Dynamic Punch,Body Press,Submission,Brick Break,Earthquake,Dig,Bulldoze
Spidops,Bug,,,,,,,,,Bullet Seed,Rock Tomb,Reversal,Low Kick,Brick Break,,,,,,,,,,,,,,,,,,,,,,
Spinda,Normal,,,,,,,,,Wild Charge,Thunder Punch,Fire Punch,Rock Slide,Rock Tomb,Low Kick,Superpower,Dynamic Punch,Brick Break,Drain Punch,Dig,,,,,,,,,,,,,,,,
Stoutland,Normal,,,,,,,,,Thunderbolt,Wild Charge,Thunder Fang,Surf,Fire Fang,Iron Head,Rock Tomb,Reversal,Superpower,Dig,Stomping Tantrum,,,,,,,,,,,,,,,,
Swalot,Poison,,,,,,,,,Thunder Punch,Giga Drain,Solar Beam,Seed Bomb,Bullet Seed,Fire Punch,Body Press,Dynamic Punch,Body Press,Brick Break,Earthquake,Bulldoze,,,,,,,,,,,,,,,
Tauros,Normal,,,,,,,,,Zap Cannon,Thunderbolt,Wild Charge,Surf,Solar Beam,Flamethrower,Iron Tail,Iron Head,Smart Strike,Stone Edge,Rock Slide,Rock Tomb,Reversal,Close Combat,Revenge,Earthquake,Dig,Bulldoze,,,,,,,,,
Thievul,Dark,,,,,,,,,Thunder Fang,Grass Knot,Burning Jealousy,Fire Fang,Dig,,,,,,,,,,,,,,,,,,,,,,
Toucannon,Normal,Flying,,,,,,,,Seed Bomb,Bullet Seed,Overheat,Heat Wave,Temper Flare,Flash Cannon,Steel Wing,Rock Blast,Brick Break,,,,,,,,,,,,,,,,,,
Umbreon,Dark,,,,,,,,,Zap Cannon,Iron Tail,Dig,,,,,,,,,,,,,,,,,,,,,,,,
Watchog,Normal,,,,,,,,,Thunderbolt,Thunder Punch,Aqua Tail,Grass Knot,Seed Bomb,Bullet Seed,Flamethrower,Fire Punch,Iron Tail,Focus Blast,Low Kick,Dig,Stomping Tantrum,,,,,,,,,,,,,,
Wigglytuff,Normal,Fairy,,,,,,,,Zap Cannon,Thunderbolt,Wild Charge,Thunder Punch,Bubble Beam,Grass Knot,Solar Beam,Energy Ball,Flamethrower,Fire Punch,Gyro Ball,Dynamic Punch,Body Press,Brick Break,Drain Punch,Wake Up Slap,Dig,,,,,,,,,,
Wyrdeer,Normal,Psychic,,,,,Yes,,,Thunderbolt,Wild Charge,Solar Beam,Energy Ball,Iron Tail,Jump Kick,Earthquake,High Horsepower,Earth Power,Dig,Bulldoze,,,,,,,,,,,,,,,,
Zangoose,Normal,,,,,,,,,Thunderbolt,Thunder Punch,Surf,Grass Knot,Solar Beam,Seed Bomb,Giga Drain,Flamethrower,Fire Punch,Rock Slide,Rock Tomb,Reversal,Close Combat,Focus Blast,Low Kick,Dynamic Punch,Aura Sphere,Brick Break,Low Sweep,Revenge,Dig,,,,,,
Zoroark,Dark,,,,,,,,,Grass Knot,Flamethrower,Burning Jealousy,Focus Blast,Low Kick,Brick Break,Revenge,Dig,,,,,,,,,,,,,,,,,,,
