,MonType1,MonType2,MonType3,Freeze_Dry_Stab,Atk,SpA,Abilities,Offense_index,Used,SupereffectiveStab1,SupereffectiveStab2,SupereffectiveStab3,Move1,Move2,Move3,Move4,Move5,Move6,Move7,Move8,Move9,Move10,Move11,Move12,Move13,Move14,Move15,Move16,Move17,Move18,Move19,Move20,Move21,Move22,Move23,Move24,Move25,Move26,Move27
Arctozolt_physical,Electric,Ice,,Freeze Dry,100,90,,0.0666666667,,Electric,Ice,Freeze Dry,Rock Slide,Stone Edge,Rock Blast,Low Kick,Bulldoze,Stomping Tantrum,Payback,,,,,,,,,,,,,,,,,,,,
Ninetales-Alola_physical,Ice,Fairy,,Freeze Dry,67,81,,-0.10687022900000001,Yes,Ice,Fairy,Freeze Dry,Dig,Foul Play,Payback,,,,,,,,,,,,,,,,,,,,,,,,
Arcanine-Hisui_physical,Fire,Rock,,,115,95,,0.12121212120000001,,Fire,Rock,,Wild Charge,Thunder Fang,Close Combat,Bulldoze,Crunch,,,,,,,,,,,,,,,,,,,,,,
Armaldo_physical,Rock,Bug,,,125,70,,0.3142857143,,Rock,Bug,,Shadow Claw,Low Kick,Brick Break,Superpower,Earthquake,Dig,Bulldoze,Knock Off,,,,,,,,,,,,,,,,,,,
Avalugg-Hisui_physical,Ice,Rock,,,127,34,Strong Jaw,0.5254237288,Yes,Ice,Rock,,Body Press,Superpower,Earthquake,Bulldoze,Crunch,,,,,,,,,,,,,,,,,,,,,,
Bombirdier_physical,Flying,Dark,Rock,,103,60,,0.2810457516,,Dark,Rock,,Uturn,Rock Slide,Stone Edge,Rock Tomb,Drill Run,Foul Play,,,,,,,,,,,,,,,,,,,,,
Camerupt_physical,Fire,Ground,,,120,145,,-0.12820512820000002,,Fire,Ground,,Rock Slide,Stone Edge,Rock Tomb,Body Press,Lash Out,,,,,,,,,,,,,,,,,,,,,,
Crabominable_physical,Fighting,Ice,,,132,62,,0.3846153846,,Fighting,Ice,,Thunder Punch,Rock Slide,Stone Edge,Rock Tomb,Earthquake,Bulldoze,Knock Off,Pursuit,Payback,Fling,Payback,,,,,,,,,,,,,,,,
Crustle_physical,Bug,Rock,,,105,65,,0.25806451610000003,,Bug,Rock,,Shadow Claw,Body Press,Earthquake,Bulldoze,Dig,Knock Off,Night Slash,,,,,,,,,,,,,,,,,,,,
Dedenne_physical,Electric,Fairy,,,58,81,,-0.17557251910000002,,Electric,Fairy,,Uturn,Dig,Fling,,,,,,,,,,,,,,,,,,,,,,,,
Delibird_physical,Ice,Flying,,Freeze Dry,55,65,,-0.0869565217,,Ice,Freeze Dry,,Reversal,Brick Break,Drill Run,Fling,Foul Play,,,,,,,,,,,,,,,,,,,,,,
Emboar_physical,Fire,Fighting,,,123,100,,0.13294797690000001,,Fire,Fighting,,Thunder Punch,Head Smash,Stone Edge,Rock Slide,Rock Tomb,Earthquake,Dig,Bulldoze,Fling,Sucker Punch,Knock Off,,,,,,,,,,,,,,,,
Froslass_physical,Ice,Ghost,,,80,80,,0.0,,Ice,Ghost,,Wake Up Slap,Fling,Crunch,Sucker Punch,Payback,,,,,,,,,,,,,,,,,,,,,,
Golem-Alola_physical,Rock,Electric,,,120,55,,0.3823529412,,Rock,Electric,,Fire Punch,Steamroller,Superpower,Body Press,Brick Break,Earthquake,Dig,Bulldoze,Fling,,,,,,,,,,,,,,,,,,
Golem_physical,Rock,Ground,,,120,55,,0.3823529412,,Rock,Ground,,Thunder Punch,Fire Punch,Steamroller,Superpower,Hammer Arm,Dynamic Punch,Body Press,Submission,Brick Break,Fling,Sucker Punch,,,,,,,,,,,,,,,,
Golurk_physical,Ground,Ghost,,,124,55,,0.3965517241,,Ground,Ghost,,Thunder Punch,Heat Crash,Fire Punch,Ice Punch,Stone Edge,Rock Slide,Rock Tomb,Close Combat,Low Kick,Superpower,Hammer Arm,Dynamic Punch,Body Press,Brick Break,Drain Punch,Low Sweep,Fling,Darkest Lairat,Knock Off,,,,,,,,
Grimmsnarl_physical,Dark,Fairy,,,120,95,,0.14705882350000002,,Dark,Fairy,,Shadow Claw,Thunder Punch,Fire Punch,Leech Life,Ice Punch,Low Kick,Superpower,Hammer Arm,Body Press,Brick Break,Drain Punch,Low Sweep,Revenge,Stomping Tantrum,,,,,,,,,,,,,
Heracross_physical,Bug,Fighting,,,125,40,,0.4857142857,,Bug,Fighting,,Shadow Claw,Stone Edge,Rock Slide,Rock Tomb,Rock Blast,Earthquake,Dig,Bulldoze,Fling,Throat Chop,Night Slash,Knock Off,Pursuit,,,,,,,,,,,,,,
Incineroar_physical,Fire,Dark,,,115,80,,0.2121212121,,Fire,Dark,,Shadow Claw,Thunder Punch,Leech Life,Uturn,Reversal,Close Combat,Low Kick,Cross Chop,Brick Break,Drain Punch,Low Sweep,Revenge,Earthquake,Bulldoze,,,,,,,,,,,,,
Infernape_physical,Fire,Fighting,,,104,104,,0.0,,Fire,Fighting,,Shadow Claw,Thunder Punch,Uturn,Stone Edge,Rock Slide,Rock Tomb,Earthquake,Dig,Bulldoze,Fling,Throat Chop,Lash Out,Knock Off,,,,,,,,,,,,,,
Iron Thorns_physical,Rock,Electric,,,134,70,,0.347826087,,Rock,Electric,,Fire Punch,Fire Fang,Pin Missile,Ice Punch,Ice Fang,Low Kick,Body Press,Brick Break,Earthquake,Dig,Bulldoze,Fling,Crunch,,,,,,,,,,,,,,
Kleavor_physical,Bug,Rock,,,135,45,,0.48648648650000004,Yes,Bug,Rock,,Rock Slide,Reversal,Close Combat,Brick Break,Night Slash,Knock Off,Pursuit,,,,,,,,,,,,,,,,,,,,
Krookodile_physical,Ground,Dark,,,117,65,,0.3113772455,,Ground,Dark,,Shadow Claw,Thunder Fang,Fire Fang,Skitter Smack,Stone Edge,Rock Slide,Rock Tomb,Low Kick,Close Combat,Brick Break,Low Sweep,Revenge,Foul Play,,,,,,,,,,,,,,
Marowak-Alola_physical,Fire,Ghost,,,80,50,,0.2307692308,,Fire,Ghost,,Thunder Punch,Fire Punch,Stone Edge,Rock Slide,Rock Tomb,Low Kick,Dynamic Punch,Submission,Brick Break,Earthquake,Dig,Bone Club,Bulldoze,Bonemerang,Bone Rush,Fling,Throat Chop,Knock Off,,,,,,,,,
Morpeko_physical,Electric,Dark,,,95,70,,0.17241379310000002,,Electric,Dark,,Fire Fang,Ice Fang,Reversal,Brick Break,Revenge,Stomping Tantrum,,,,,,,,,,,,,,,,,,,,,
Mr. Rime_physical,Ice,Psychic,,Freeze Dry,85,110,,-0.15625,,Ice,Freeze Dry,,Brick Break,Drain Punch,Wake Up Slap,Stomping Tantrum,Fling,Foul Play,Sucker Punch,Payback,,,,,,,,,,,,,,,,,,,
Pangoro_physical,Fighting,Dark,,,124,69,,0.316091954,,Fighting,Dark,,Shadow Claw,Thunder Punch,Fire Punch,X Scissor,Ice Punch,Stone Edge,Rock Slide,Rock Tomb,Earthquake,Dig,Bulldoze,,,,,,,,,,,,,,,,
Pawmot_physical,Electric,Fighting,,,115,70,,0.2727272727,,Electric,Fighting,,Play Rough,Fire Punch,Ice Punch,Rock Tomb,Low Sweep,Fling,Crunch,Throat Chop,Knock Off,,,,,,,,,,,,,,,,,,
Rhyperior_physical,Ground,Rock,,,140,55,,0.4473684211,,Ground,Rock,,Shadow Claw,Supercell Slam,Thunder Punch,Thunder Fang,Heat Crash,Fire Punch,Temper Flare,Fire Fang,Megahorn,Ice Punch,Ice Fang,Avalanche,Reversal,Superpower,Hammer Arm,Dynamic Punch,Body Press,Submission,Brick Break,Fling,Crunch,Payback,Pursuit,,,,
Rotom-Heat_special,Electric,Fire,,,65,105,,-0.25806451610000003,,Electric,Fire,,Shadow Ball,Hex,Signal Beam,Foul Play,Dark Pulse,,,,,,,,,,,,,,,,,,,,,,
Runerigus_physical,Ground,Ghost,,,95,50,,0.3103448276,,Ground,Ghost,,Stone Edge,Rock Slide,Rock Blast,Revenge,Payback,,,,,,,,,,,,,,,,,,,,,,
Sableye_physical,Dark,Ghost,,,75,65,,0.08,,Dark,Ghost,,Thunder Punch,Fire Punch,X Scissor,Skitter Smack,Ice Punch,Rock Tomb,Low Kick,Dynamic Punch,Brick Break,Drain Punch,Low Sweep,Dig,,,,,,,,,,,,,,,
Scrafty_physical,Dark,Fighting,,,90,45,,0.32142857140000003,,Dark,Fighting,,Thunder Punch,Fire Punch,Ice Punch,Head Smash,Stone Edge,Rock Slide,Rock Tomb,Dig,,,,,,,,,,,,,,,,,,,
Shuckle_physical,Bug,Rock,,,10,10,,0.0,,Bug,Rock,,Reversal,Earthquake,Dig,Bulldoze,Knock Off,,,,,,,,,,,,,,,,,,,,,,
Stunfisk_physical,Ground,Electric,,,66,81,,-0.1145038168,,Ground,Electric,,Stone Edge,Rock Slide,Rock Tomb,Revenge,Foul Play,Lash Out,Sucker Punch,Payback,,,,,,,,,,,,,,,,,,,
Tauros-Paldea-Blaze_physical,Fighting,Fire,,,110,30,,0.5,,Fighting,Fire,,Wild Charge,Stone Edge,Rock Slide,Rock Tomb,Earthquake,Drill Run,Dig,Bulldoze,Lash Out,,,,,,,,,,,,,,,,,,
Typhlosion-Hisui_physical,Fire,Ghost,,,84,119,,-0.2071005917,,Fire,Ghost,,Wild Charge,Thunder Punch,Play Rough,Rock Slide,Reversal,Low Kick,Submission,Brick Break,Earthquake,Dig,Bulldoze,,,,,,,,,,,,,,,,
Tyranitar_physical,Rock,Dark,,,134,95,,0.2119565217,,Rock,Dark,,Shadow Claw,Thunder Punch,Thunder Fang,Fire Punch,Fire Fang,Ice Punch,Ice Fang,Avalanche,Low Kick,Superpower,Dynamic Punch,Brick Break,Earthquake,Dig,Bulldoze,,,,,,,,,,,,
Abomasnow_physical,Grass,Ice,,,132,132,,0.0,,Ice,,,Rock Slide,Brick Break,Low Kick,Body Press,Earthquake,Fling,,,,,,,,,,,,,,,,,,,,,
Abomasnow_special,Grass,Ice,,,132,132,,0.0,,Ice,,,Shadow Ball,Body Press,Earth Power,,,,,,,,,,,,,,,,,,,,,,,,
Absol_physical,Dark,,,,150,115,,0.17500000000000002,,Dark,,,Shadow Claw,Play Rough,Megahorn,X Scissor,Rock Slide,Stone Edge,Close Combat,,,,,,,,,,,,,,,,,,,,
Aggron_physical,Steel,Rock,,,140,60,,0.4210526316,Yes,Rock,,,Shadow Claw,Thunder Punch,Fire Punch,Avalanche,Ice Punch,Body Press,Low Kick,Superpower,Dynamic Punch,Reversal,Earthquake,Bulldoze,Dig,Crunch,Payback,Payback,,,,,,,,,,,
Arcanine_physical,Fire,,,,110,100,,0.0625,,Fire,,,Wild Charge,Thunder Fang,Play Rough,Close Combat,Reversal,Bulldoze,Dig,Crunch,,,,,,,,,,,,,,,,,,,
Archeops_physical,Rock,Flying,,,140,112,,0.1473684211,,Rock,,,Shadow Claw,Uturn,Earthquake,Dig,Bulldoze,Crunch,Knock Off,Lash Out,,,,,,,,,,,,,,,,,,,
Armarouge_special,Fire,Psychic,,,60,125,,-0.3714285714,,Fire,,,Shadow Ball,Meteor Beam,Aura Sphere,Focus Blast,Scorching Sands,Dark Pulse,,,,,,,,,,,,,,,,,,,,,
Audino_physical,Normal,,Fairy,,60,80,,-0.1538461538,,Fairy,,,Thunder Punch,Wild Charge,Fire Punch,Ice Punch,Drain Punch,Low Kick,Stomping Tantrum,Dig,Knock Off,Throat Chop,Fling,,,,,,,,,,,,,,,,
Audino_special,Normal,,Fairy,,60,80,,-0.1538461538,,Fairy,,,Shadow Ball,Thunderbolt,Dazzling Gleam,Flamethrower,Signal Beam,Ice Beam,,,,,,,,,,,,,,,,,,,,,
Avalugg_physical,Ice,,,,117,44,,0.4371257485,,Ice,,,Rock Slide,Stone Edge,Rock Tomb,Body Press,Superpower,Earthquake,Bulldoze,Crunch,,,,,,,,,,,,,,,,,,,
Azumarill_physical,Water,Fairy,,,149,60,,0.4472361809,,Fairy,,,Ice Spinner,Ice Punch,Brick Break,Superpower,Dynamic Punch,Bulldoze,Dig,Knock Off,Fling,,,,,,,,,,,,,,,,,,
Barbaracle_physical,Rock,Water,,,105,54,,0.32903225810000003,,Rock,,,Shadow Claw,X Scissor,Cross Chop,Low Kick,Brick Break,Superpower,Earthquake,Bulldoze,Dig,Night Slash,Payback,Fling,Payback,Beat Up,,,,,,,,,,,,,
Bastiodon_physical,Rock,Steel,,,52,47,,0.049019607800000004,,Rock,,,Avalanche,Body Press,Reversal,Earthquake,Dig,Bulldoze,Foul Play,,,,,,,,,,,,,,,,,,,,
Bastiodon_special,Rock,Steel,,,52,47,,0.049019607800000004,,Rock,,,Thunderbolt,Flamethrower,Ice Beam,Body Press,Scorching Sands,Earth Power,Foul Play,,,,,,,,,,,,,,,,,,,,
Beartic_physical,Ice,,,,130,70,,0.33333333330000003,Yes,Ice,,,Shadow Claw,Play Rough,X Scissor,Rock Slide,Stone Edge,Rock Tomb,Close Combat,Reversal,Low Kick,Body Press,Brick Break,Earthquake,Dig,Bulldoze,Crunch,Fling,Throat Chop,Night Slash,,,,,,,,,
Bewear_physical,Normal,Fighting,,,125,55,,0.4,,Fighting,,,Shadow Claw,Thunder Punch,Ice Punch,Rock Slide,Rock Tomb,Earthquake,Bulldoze,Darkest Lairat,Payback,Fling,,,,,,,,,,,,,,,,,
Boltund_physical,Electric,,,,90,90,,0.0,,Electric,,,Play Rough,Fire Fang,Dig,Crunch,,,,,,,,,,,,,,,,,,,,,,,
Breloom_physical,Grass,Fighting,,,130,60,,0.3888888889,,Fighting,,,Thunder Punch,Pounce,Rock Slide,Stone Edge,Rock Tomb,Bulldoze,Dig,Fling,,,,,,,,,,,,,,,,,,,
Cacturne_physical,Grass,Dark,,,115,115,,0.0,,Dark,,,Thunder Punch,Lunge,Pin Missile,Skitter Smack,Low Kick,Superpower,Dynamic Punch,Drain Punch,Revenge,Stomping Tantrum,Dig,Bulldoze,Fling,,,,,,,,,,,,,,
Carracosta_physical,Water,Rock,,,108,83,,0.1582278481,,Rock,,,Low Kick,Superpower,Earthquake,Bulldoze,Dig,Crunch,Knock Off,,,,,,,,,,,,,,,,,,,,
Cetitan_physical,Ice,,,,113,45,,0.4171779141,,Ice,,,Play Rough,Superpower,Body Press,Earthquake,Bulldoze,Knock Off,,,,,,,,,,,,,,,,,,,,,
Charizard_physical,Fire,Flying,Dragon,,84,109,,-0.1572327044,,Fire,,,Shadow Claw,Thunder Punch,Rock Slide,Rock Tomb,Brick Break,Dynamic Punch,Submission,Earthquake,Bulldoze,Dig,Crunch,Beat Up,Fling,,,,,,,,,,,,,,
Chesnaught_physical,Grass,Fighting,,,107,74,,0.2101910828,,Fighting,,,Shadow Claw,Thunder Punch,Pin Missile,Rock Slide,Stone Edge,Rock Tomb,Earthquake,Bulldoze,Dig,Crunch,Knock Off,Payback,Fling,,,,,,,,,,,,,,
Claydol_special,Ground,Psychic,,,70,70,,0.0,,Ground,,,Hex,Shadow Ball,Dazzling Gleam,Signal Beam,Ice Beam,Body Press,,,,,,,,,,,,,,,,,,,,,
Cloyster_physical,Water,Ice,,,95,85,,0.0689655172,Yes,Ice,,,Pin Missile,Rock Blast,Drill Run,Payback,,,,,,,,,,,,,,,,,,,,,,,
Crawdaunt_physical,Water,Dark,,,120,90,,0.1764705882,,Dark,,,X Scissor,Avalanche,Rock Slide,Rock Tomb,Close Combat,Dig,Lash Out,,,,,,,,,,,,,,,,,,,,
Darmanitan_physical,Fire,,,,140,30,,0.5789473684,Yes,Fire,,,Uturn,Rock Slide,Stone Edge,Rock Tomb,Reversal,Body Press,Brick Break,Hammer Arm,Superpower,Earthquake,Bulldoze,Dig,Fling,Lash Out,Payback,,,,,,,,,,,,
Dewgong_physical,Water,Ice,,,70,70,,0.0,,Ice,,,Play Rough,Megahorn,Drill Run,Fling,Knock Off,,,,,,,,,,,,,,,,,,,,,,
Diggersby_physical,Normal,Ground,,,161,50,,0.5260663507000001,,Ground,,,Wild Charge,Thunder Punch,Fire Punch,Uturn,Ice Punch,Stone Edge,Rock Slide,Rock Tomb,Low Kick,Superpower,Hammer Arm,Brick Break,Fling,Foul Play,Knock Off,Payback,,,,,,,,,,,
Donphan_physical,Ground,,,,120,60,,0.3529411765,Yes,Ground,,,Thunder Fang,Play Rough,Fire Fang,Ice Spinner,Ice Fang,Ice Shard,Head Smash,Stone Edge,Rock Slide,Rock Tomb,Superpower,Body Press,Throat Chop,Knock Off,,,,,,,,,,,,,
Drapion_physical,Poison,Dark,,,90,60,,0.2142857143,,Dark,,,Thunder Fang,Fire Fang,X Scissor,Skitter Smack,Pin Missile,Ice Fang,Rock Slide,Rock Tomb,Brick Break,Earthquake,Dig,,,,,,,,,,,,,,,,
Drednaw_physical,Water,Rock,,,115,48,,0.4060606061,,Rock,,,Megahorn,Skitter Smack,Ice Spinner,Ice Fang,Superpower,Body Press,Earthquake,Dig,Bulldoze,Crunch,Throat Chop,Jaw Lock,Payback,,,,,,,,,,,,,,
Dugtrio-Alola_physical,Ground,Steel,,,100,50,,0.33333333330000003,,Ground,,,Shadow Claw,Stone Edge,Rock Slide,Rock Tomb,Rock Blast,Reversal,Foul Play,Throat Chop,Night Slash,Sucker Punch,Beat Up,Pursuit,,,,,,,,,,,,,,,
Dugtrio_physical,Ground,,,,100,50,,0.33333333330000003,,Ground,,,Shadow Claw,Stone Edge,Rock Slide,Rock Tomb,Rock Blast,Reversal,Foul Play,Throat Chop,Night Slash,Sucker Punch,Beat Up,Pursuit,,,,,,,,,,,,,,,
Durant_physical,Bug,Steel,,,109,48,,0.3836477987,,Bug,,,Shadow Claw,Thunder Fang,Skitter Smack,Stone Edge,Rock Slide,Rock Tomb,Superpower,Dig,Stomping Tantrum,Crunch,Beat Up,,,,,,,,,,,,,,,,
Dusknoir_physical,Ghost,,,,100,65,,0.2333333333,,Ghost,,,Thunder Punch,Fire Punch,Leech Life,Skitter Smack,Ice Punch,Rock Slide,Rock Tomb,Dynamic Punch,Brick Break,Revenge,Bulldoze,Fling,Darkest Lairat,Sucker Punch,Payback,Pursuit,,,,,,,,,,,
Eelektross_physical,Electric,,,,115,105,,0.060606060600000004,,Electric,,,Fire Punch,Lunge,Uturn,Rock Slide,Rock Tomb,Close Combat,Superpower,Body Press,Brick Break,Drain Punch,Stomping Tantrum,Bulldoze,Crunch,Throat Chop,Knock Off,,,,,,,,,,,,
Electivire_physical,Electric,,,,123,95,,0.161849711,,Electric,,,Fire Punch,Ice Punch,Rock Slide,Rock Tomb,Low Kick,Cross Chop,Hammer Arm,Dynamic Punch,Submission,Brick Break,Low Sweep,Earthquake,Dig,Bulldoze,Fling,Darkest Lairat,Knock Off,,,,,,,,,,
Falinks_physical,Fighting,,,,100,70,,0.2,,Fighting,,,Megahorn,First Impression,Lunge,Rock Slide,Rock Tomb,High Horsepower,Throat Chop,Knock Off,Payback,Beat Up,,,,,,,,,,,,,,,,,
Flygon_physical,Ground,Dragon,,,100,80,,0.1333333333,Yes,Ground,,,Thunder Punch,Fire Punch,First Impression,Uturn,Stone Edge,Rock Slide,Rock Tomb,Superpower,Earthquake,Bulldoze,Crunch,Throat Chop,,,,,,,,,,,,,,,
Gallade_physical,Psychic,Fighting,,,125,65,,0.3428571429,,Fighting,,,Shadow Claw,Shadow Sneak,Thunder Punch,Fire Punch,X Scissor,Fury Cutter,Ice Punch,Triple Axel,Stone Edge,Rock Slide,Rock Tomb,Earthquake,Bulldoze,Fling,Throat Chop,Night Slash,Knock Off,,,,,,,,,,
Gardevoir_special,Psychic,Fairy,,,65,125,,-0.3428571429,,Fairy,,,Shadow Ball,Thunderbolt,Mystical Fire,Signal Beam,Focus Blast,Aura Sphere,Vacuum Wave,,,,,,,,,,,,,,,,,,,,
Gigalith_physical,Rock,,,,135,60,,0.40540540540000003,,Rock,,,Superpower,Body Press,Earthquake,Bulldoze,Throat Chop,,,,,,,,,,,,,,,,,,,,,,
Glastrier_physical,Ice,,,,145,65,,0.41025641030000004,,Ice,,,Megahorn,Close Combat,Superpower,Body Press,Bulldoze,Crunch,Throat Chop,Lash Out,Payback,,,,,,,,,,,,,,,,,,
Golisopod_physical,Bug,Water,,,125,60,,0.3714285714,,Bug,,,Shadow Claw,Rock Slide,Rock Tomb,Close Combat,Brick Break,Drill Run,Fling,Throat Chop,Sucker Punch,Knock Off,Payback,,,,,,,,,,,,,,,,
Granbull_physical,Fairy,,,,120,60,,0.3529411765,Yes,Fairy,,,Wild Charge,Thunder Punch,Thunder Fang,Fire Punch,Temper Flare,Fire Fang,Ice Punch,Ice Fang,Stone Edge,Rock Slide,Rock Tomb,Reversal,Close Combat,Low Kick,Dynamic Punch,Brick Break,Low Sweep,Earthquake,Dig,Bulldoze,Fling,Crunch,Lash Out,Payback,,,
Grapploct_physical,Fighting,,,,118,70,,0.2857142857,,Fighting,,,Skitter Smack,Ice Punch,Dig,Stomping Tantrum,Sucker Punch,Payback,,,,,,,,,,,,,,,,,,,,,
Guzzlord_physical,Dark,Dragon,,,101,97,,0.026490066200000002,,Dark,,,Shadow Claw,Heat Crash,Steamroller,Stone Edge,Rock Slide,Rock Tomb,Hammer Arm,Body Press,Brick Break,Drain Punch,Earthquake,Bulldoze,,,,,,,,,,,,,,,
Hariyama_physical,Fighting,,,,120,40,,0.4705882353,,Fighting,,,Thunder Punch,Fire Punch,Ice Punch,Stone Edge,Rock Slide,Rock Tomb,Headlong Rush,Earthquake,Dig,Bulldoze,Fling,Throat Chop,Lash Out,Knock Off,Payback,,,,,,,,,,,,
Heatmor_physical,Fire,,,,97,105,,-0.051612903200000004,,Fire,,,Shadow Claw,Thunder Punch,Rock Tomb,Low Kick,Superpower,Drain Punch,Dig,Stomping Tantrum,Fling,Throat Chop,Sucker Punch,Night Slash,Knock Off,Pursuit,,,,,,,,,,,,,
Hitmonchan_physical,Fighting,,,,105,35,,0.4516129032,,Fighting,,,Thunder Punch,Fire Punch,Ice Punch,Stone Edge,Rock Slide,Rock Tomb,Earthquake,Bulldoze,Fling,Throat Chop,Knock Off,Pursuit,,,,,,,,,,,,,,,
Hitmonlee_physical,Fighting,,,,120,35,,0.5,,Fighting,,,Blaze Kick,Lunge,Stone Edge,Rock Slide,Rock Tomb,Earthquake,Bulldoze,Fling,Throat Chop,Sucker Punch,Knock Off,Pursuit,,,,,,,,,,,,,,,
Hitmontop_physical,Fighting,,,,95,35,,0.41379310340000003,,Fighting,,,Ice Spinner,Triple Axel,Stone Edge,Rock Slide,Earthquake,Drill Run,Dig,Bulldoze,Sucker Punch,Brutal Swing,Thief,Pursuit,,,,,,,,,,,,,,,
Hoopa_physical,Psychic,Ghost,,,110,150,,-0.2,,Ghost,,,Thunder Punch,Fire Punch,Skitter Smack,Ice Punch,Rock Tomb,Brick Break,Drain Punch,Fling,Throat Chop,Lash Out,Knock Off,,,,,,,,,,,,,,,,
Illumise_physical,Bug,,,,47,73,,-0.21138211380000002,,Bug,,,Thunder Punch,Play Rough,Ice Punch,Dynamic Punch,Brick Break,Fling,,,,,,,,,,,,,,,,,,,,,
Iron Jugulis_special,Dark,Flying,,,80,122,,-0.2441860465,,Dark,,,Flamethrower,Uturn,Meteor Beam,Focus Blast,Earth Power,,,,,,,,,,,,,,,,,,,,,,
Kabutops_physical,Rock,Water,,,115,65,,0.303030303,,Rock,,,Leech Life,X Scissor,Low Kick,Superpower,Submission,Brick Break,Dig,Night Slash,Knock Off,,,,,,,,,,,,,,,,,,
Klawf_physical,Rock,,,,100,35,,0.4333333333,,Rock,,,Shadow Claw,Temper Flare,X Scissor,Skitter Smack,Reversal,Brick Break,High Horsepower,Dig,Stomping Tantrum,Bulldoze,Fling,Throat Chop,Knock Off,,,,,,,,,,,,,,
Leavanny_physical,Bug,Grass,,,103,70,,0.2156862745,,Bug,,,Shadow Claw,Triple Axel,Low Kick,Throat Chop,Knock Off,Payback,,,,,,,,,,,,,,,,,,,,,
Ledian_physical,Bug,Flying,,,35,55,,-0.1904761905,,Bug,,,Thunder Punch,Ice Punch,Dynamic Punch,Brick Break,Drain Punch,Mach Punch,Dig,Fling,Knock Off,,,,,,,,,,,,,,,,,,
Lopunny_physical,Normal,,Fighting,,76,54,,0.1746031746,,Fighting,,,Thunder Punch,Play Rough,Fire Punch,Uturn,Ice Punch,Triple Axel,Reversal,High Jump Kick,Close Combat,Low Kick,Jump Kick,Sky Uppercut,Drain Punch,Low Sweep,Dig,Fling,Payback,,,,,,,,,,
Lopunny_special,Normal,,Fighting,,76,54,,0.1746031746,,Fighting,,,Shadow Ball,Thunderbolt,Uturn,Ice Beam,Focus Blast,Aura Sphere,,,,,,,,,,,,,,,,,,,,,
Lucario_physical,Fighting,Steel,,,110,115,,-0.030303030300000002,,Fighting,,,Shadow Claw,Thunder Punch,Blaze Kick,Ice Punch,Stone Edge,Rock Slide,Earthquake,Dig,Bulldoze,Bone Rush,Fling,Crunch,Payback,,,,,,,,,,,,,,
Lunatone_special,Rock,Psychic,,,55,95,,-0.27586206900000004,,Rock,,,Shadow Ball,Moonblast,Signal Beam,Ice Beam,Earth Power,,,,,,,,,,,,,,,,,,,,,,
Luxray_physical,Electric,,,,120,95,,0.14705882350000002,,Electric,,,Play Rough,Fire Fang,Ice Fang,Superpower,Crunch,Throat Chop,Night Slash,,,,,,,,,,,,,,,,,,,,
Lycanroc-Dusk_physical,Rock,,,,117,55,,0.371257485,,Rock,,,Thunder Fang,Play Rough,Fire Fang,Reversal,Close Combat,Brick Break,Drill Run,Dig,Stomping Tantrum,Bulldoze,Crunch,Throat Chop,Sucker Punch,,,,,,,,,,,,,,
Lycanroc-Midnight_physical,Rock,,,,115,55,,0.3636363636,,Rock,,,Shadow Claw,Thunder Punch,Thunder Fang,Play Rough,Fire Punch,Fire Fang,Reversal,Close Combat,Brick Break,Low Sweep,Dig,Stomping Tantrum,Bulldoze,Fling,Foul Play,Crunch,Throat Chop,Lash Out,Sucker Punch,Knock Off,,,,,,,
Lycanroc_physical,Rock,,,,115,55,,0.3636363636,,Rock,,,Thunder Fang,Play Rough,Fire Fang,Close Combat,Brick Break,Drill Run,Dig,Stomping Tantrum,Bulldoze,Crunch,Sucker Punch,,,,,,,,,,,,,,,,
Mabosstiff_physical,Dark,,,,120,60,,0.3529411765,,Dark,,,Wild Charge,Thunder Fang,Play Rough,Fire Fang,Ice Fang,Reversal,Dig,,,,,,,,,,,,,,,,,,,,
Machamp_physical,Fighting,,,,130,65,,0.3611111111,,Fighting,,,Thunder Punch,Fire Punch,Ice Punch,Stone Edge,Rock Slide,Rock Tomb,Rock Blast,Earthquake,Dig,Bulldoze,Fling,Darkest Lairat,Throat Chop,Knock Off,Payback,,,,,,,,,,,,
Magmortar_physical,Fire,,,,95,125,,-0.1714285714,Yes,Fire,,,Thunder Punch,Rock Slide,Rock Tomb,Low Kick,Cross Chop,Dynamic Punch,Submission,Brick Break,Low Sweep,Mach Punch,Earthquake,Bulldoze,Fling,Knock Off,,,,,,,,,,,,,
Malamar_physical,Dark,Psychic,,,92,68,,0.1690140845,,Dark,,,Lunge,Rock Slide,Reversal,Superpower,Fling,,,,,,,,,,,,,,,,,,,,,,
Malamar_special,Dark,Psychic,,,92,68,,0.1690140845,,Dark,,,Thunderbolt,Flamethrower,Signal Beam,,,,,,,,,,,,,,,,,,,,,,,,
Marowak_physical,Ground,,,,80,50,,0.2307692308,,Ground,,,Thunder Punch,Fire Punch,Stone Edge,Rock Slide,Rock Tomb,Low Kick,Dynamic Punch,Submission,Brick Break,Fling,Throat Chop,Knock Off,,,,,,,,,,,,,,,
Mawile_physical,Steel,Fairy,,,85,55,,0.2222222222,,Fairy,,,Thunder Punch,Thunder Fang,Fire Fang,Ice Punch,Ice Fang,Stone Edge,Rock Slide,Rock Tomb,Dynamic Punch,Brick Break,Fling,Foul Play,Crunch,Sucker Punch,Knock Off,Payback,,,,,,,,,,,
Mawile_special,Steel,Fairy,,,85,55,,0.2222222222,,Fairy,,,Shadow Ball,Flamethrower,Ice Beam,Focus Blast,Foul Play,Dark Pulse,,,,,,,,,,,,,,,,,,,,,
Medicham_physical,Fighting,Psychic,,,169,60,,0.49771689500000005,Yes,Fighting,,,Thunder Punch,Fire Punch,Ice Punch,Rock Slide,Rock Tomb,Fling,,,,,,,,,,,,,,,,,,,,,
Meloetta_physical,Normal,Psychic,Fighting,,128,128,,0.0,,Fighting,,,Shadow Claw,Thunder Punch,Play Rough,Fire Punch,Uturn,Ice Punch,Triple Axel,Stone Edge,Close Combat,Low Kick,Reversal,Brick Break,Drain Punch,Wake Up Slap,Low Sweep,Fling,Knock Off,Payback,,,,,,,,,
Meloetta_special,Normal,Psychic,Fighting,,128,128,,0.0,,Fighting,,,Shadow Ball,Thunderbolt,Alluring Voice,Dazzling Gleam,Signal Beam,Uturn,Focus Blast,,,,,,,,,,,,,,,,,,,,
Mismagius_special,Ghost,,,,60,105,,-0.2903225806,,Ghost,,,Zap Cannon,Thunderbolt,Dazzling Gleam,Inferno,Mystical Fire,Burning Jealousy,Power Gem,Foul Play,Dark Pulse,,,,,,,,,,,,,,,,,,
Mr. Mime_special,Psychic,Fairy,,,45,100,,-0.36666666670000003,,Fairy,,,Shadow Ball,Zap Cannon,Thunderbolt,Mystical Fire,Signal Beam,Focus Blast,Foul Play,,,,,,,,,,,,,,,,,,,,
Muk-Alola_physical,Poison,Dark,,,105,65,,0.25806451610000003,Yes,Dark,,,Shadow Sneak,Thunder Punch,Fire Punch,Ice Punch,Stone Edge,Rock Slide,Rock Tomb,Brick Break,Drain Punch,Dig,,,,,,,,,,,,,,,,,
Nidoking_physical,Poison,Ground,,,102,85,,0.11184210530000001,,Ground,,,Shadow Claw,Thunder Punch,Fire Punch,Megahorn,Ice Punch,Avalanche,Head Smash,Stone Edge,Rock Slide,Rock Tomb,Rock Blast,Superpower,Dynamic Punch,Body Press,Submission,Brick Break,Fling,Throat Chop,Sucker Punch,,,,,,,,
Nidoking_special,Poison,Ground,,,102,85,,0.11184210530000001,,Ground,,,Shadow Ball,Hex,Thunderbolt,Flamethrower,Ice Beam,Focus Blast,Body Press,,,,,,,,,,,,,,,,,,,,
Nidoqueen_physical,Poison,Ground,,,92,75,,0.1197183099,,Ground,,,Shadow Claw,Thunder Punch,Fire Punch,Ice Punch,Avalanche,Stone Edge,Rock Slide,Rock Tomb,Rock Blast,Superpower,Dynamic Punch,Body Press,Submission,Brick Break,Fling,Crunch,Throat Chop,Sucker Punch,Pursuit,Beat Up,,,,,,,
Nidoqueen_special,Poison,Ground,,,92,75,,0.1197183099,,Ground,,,Shadow Ball,Hex,Thunderbolt,Flamethrower,Ice Beam,Focus Blast,Body Press,Beat Up,,,,,,,,,,,,,,,,,,,
Obstagoon_physical,Dark,Normal,,,90,60,,0.2142857143,,Dark,,,Shadow Claw,Thunder Punch,Fire Punch,X Scissor,Pin Missile,Ice Punch,Reversal,Close Combat,Low Kick,Cross Chop,Body Press,Submission,Brick Break,Revenge,Dig,Stomping Tantrum,,,,,,,,,,,
Obstagoon_special,Dark,Normal,,,90,60,,0.2142857143,,Dark,,,Shadow Ball,Thunderbolt,Ice Beam,Body Press,,,,,,,,,,,,,,,,,,,,,,,
Okidogi_physical,Poison,Fighting,,,128,58,,0.393258427,,Fighting,,,Shadow Claw,Thunder Punch,Thunder Fang,Fire Punch,Fire Fang,Ice Punch,Ice Fang,Rock Tomb,High Horsepower,Dig,Stomping Tantrum,Fling,Crunch,Throat Chop,Lash Out,Knock Off,,,,,,,,,,,
Pachirisu_physical,Electric,,,,45,45,,0.0,,Electric,,,Play Rough,Uturn,Dig,Fling,,,,,,,,,,,,,,,,,,,,,,,
Passimian_physical,Fighting,,,,120,40,,0.4705882353,,Fighting,,,Uturn,Rock Slide,Rock Tomb,Earthquake,Bulldoze,Fling,Knock Off,Payback,Beat Up,,,,,,,,,,,,,,,,,,
Persian-Alola_special,Dark,,,,60,75,,-0.12,,Dark,,,Shadow Ball,Thunderbolt,Burning Jealousy,Uturn,Power Gem,,,,,,,,,,,,,,,,,,,,,,
Pikachu_physical,Electric,,,,55,50,,0.0476190476,,Electric,,,Play Rough,Reversal,Dynamic Punch,Submission,Brick Break,Dig,Fling,Knock Off,,,,,,,,,,,,,,,,,,,
Pincurchin_physical,Electric,,,,101,91,,0.0662251656,,Electric,,,Pin Missile,Reversal,Throat Chop,Sucker Punch,Payback,,,,,,,,,,,,,,,,,,,,,,
Pinsir_physical,Bug,,Flying,,125,55,,0.4,,Bug,,,Stone Edge,Rock Slide,Rock Tomb,Reversal,Close Combat,Submission,Brick Break,Vital Throw,Storm Throw,Revenge,Earthquake,Dig,Bulldoze,Fling,Throat Chop,Knock Off,,,,,,,,,,,
Poliwrath_physical,Water,Fighting,,,95,70,,0.17241379310000002,,Fighting,,,Ice Punch,Rock Slide,Rock Tomb,Earthquake,Dig,Bulldoze,Fling,Darkest Lairat,Throat Chop,Knock Off,Payback,,,,,,,,,,,,,,,,
Quagsire_physical,Water,Ground,,,85,65,,0.14814814810000002,,Ground,,,Ice Punch,Avalanche,Stone Edge,Rock Slide,Rock Tomb,Dynamic Punch,Body Press,Brick Break,Drain Punch,Fling,,,,,,,,,,,,,,,,,
Rabsca_special,Bug,Psychic,,,50,115,,-0.3939393939,,Bug,,,Shadow Ball,Dazzling Gleam,Power Gem,Earth Power,,,,,,,,,,,,,,,,,,,,,,,
Raichu-Alola_physical,Electric,Psychic,,,85,95,,-0.0689655172,,Electric,,,Play Rough,Reversal,Dynamic Punch,Submission,Brick Break,Dig,Fling,Knock Off,,,,,,,,,,,,,,,,,,,
Raichu_physical,Electric,,,,90,90,,0.0,,Electric,,,Play Rough,Reversal,Dynamic Punch,Submission,Brick Break,Dig,Fling,Knock Off,,,,,,,,,,,,,,,,,,,
Raikou_special,Electric,,,,85,115,,-0.1818181818,,Electric,,,Shadow Ball,Signal Beam,Aura Sphere,,,,,,,,,,,,,,,,,,,,,,,,
Ramparados_physical,Rock,,,,165,65,,0.46511627910000003,,Rock,,,Supercell Slam,Thunder Punch,Fire Punch,Avalanche,Rock Slide,Superpower,Hammer Arm,Body Press,Brick Break,Earthquake,Dig,Bulldoze,Fling,Crunch,Payback,Pursuit,,,,,,,,,,,
Rapidash-Galar_physical,Psychic,Fairy,,,100,80,,0.1333333333,,Fairy,,,Wild Charge,Megahorn,Low Kick,High Horsepower,Drill Run,Throat Chop,,,,,,,,,,,,,,,,,,,,,
Rapidash_physical,Fire,,,,100,80,,0.1333333333,,Fire,,,Wild Charge,Play Rough,Megahorn,Low Kick,High Horsepower,Drill Run,Throat Chop,,,,,,,,,,,,,,,,,,,,
Regirock_physical,Rock,,,,100,50,,0.33333333330000003,,Rock,,,Thunder Punch,Fire Punch,Ice Punch,Superpower,Hammer Arm,Dynamic Punch,Body Press,Brick Break,Drain Punch,Earthquake,Dig,Bulldoze,Fling,,,,,,,,,,,,,,
Sandslash-Alola_physical,Ice,Steel,,,100,25,,0.5,,Ice,,,Shadow Claw,Leech Life,X Scissor,Pin Missile,Rock Slide,Rock Tomb,Low Kick,Brick Break,Earthquake,Drill Run,Bulldoze,Fling,Throat Chop,Night Slash,Knock Off,,,,,,,,,,,,
Sandslash_physical,Ground,,,,100,45,,0.36666666670000003,,Ground,,,Shadow Claw,Leech Life,X Scissor,Pin Missile,Stone Edge,Rock Slide,Rock Tomb,Low Kick,Dynamic Punch,Submission,Brick Break,Fling,Throat Chop,Night Slash,Knock Off,,,,,,,,,,,,
Sawk_physical,Fighting,,,,125,30,,0.5428571429,,Fighting,,,Thunder Punch,Fire Punch,Ice Punch,Stone Edge,Rock Slide,Rock Tomb,Earthquake,Dig,Bulldoze,Fling,Throat Chop,Knock Off,Payback,,,,,,,,,,,,,,
Scream Tail_physical,Fairy,Psychic,,,65,65,,0.0,,Fairy,,,Thunder Punch,Thunder Fang,Fire Punch,Fire Fang,Ice Punch,Ice Fang,Rock Tomb,Drain Punch,Dig,Stomping Tantrum,Fling,Crunch,,,,,,,,,,,,,,,
Seismitoad_physical,Water,Ground,,,95,85,,0.0689655172,,Ground,,,Ice Punch,Rock Slide,Rock Tomb,Low Kick,Brick Break,Drain Punch,Fling,Knock Off,Payback,,,,,,,,,,,,,,,,,,
Sharpedo_physical,Water,Dark,,,140,110,,0.15789473680000002,,Dark,,,Ice Fang,Avalanche,Rock Tomb,Close Combat,Earthquake,Bulldoze,,,,,,,,,,,,,,,,,,,,,
Shiftry_physical,Grass,Dark,,,100,90,,0.0666666667,,Dark,,,X Scissor,Rock Slide,Rock Tomb,Reversal,Low Kick,Brick Break,Low Sweep,Revenge,,,,,,,,,,,,,,,,,,,
Simisear_physical,Fire,,,,98,98,,0.0,,Fire,,,Shadow Claw,Rock Slide,Rock Tomb,Low Kick,Superpower,Brick Break,Low Sweep,Dig,Fling,Crunch,Throat Chop,Knock Off,Payback,,,,,,,,,,,,,,
Steelix_physical,Steel,Ground,,,85,55,,0.2222222222,,Ground,,,Thunder Fang,Fire Fang,Ice Fang,Head Smash,Stone Edge,Rock Slide,Rock Tomb,Rock Blast,Body Press,Crunch,Payback,,,,,,,,,,,,,,,,
Steelix_special,Steel,Ground,,,85,55,,0.2222222222,,Ground,,,Meteor Beam,Body Press,Dark Pulse,,,,,,,,,,,,,,,,,,,,,,,,
Stunfisk-Galar_physical,Ground,Steel,,,81,66,,0.1145038168,,Ground,,,Ice Fang,Stone Edge,Rock Slide,Rock Tomb,Revenge,Foul Play,Crunch,Lash Out,Sucker Punch,Payback,,,,,,,,,,,,,,,,,
Sudowoodo_physical,Rock,,,,100,30,,0.4666666667,,Rock,,,Thunder Punch,Fire Punch,Ice Punch,Low Kick,Hammer Arm,Dynamic Punch,Body Press,Brick Break,Drain Punch,Low Sweep,Earthquake,Dig,Bulldoze,Fling,Foul Play,Sucker Punch,,,,,,,,,,,
Swampert_physical,Water,Ground,,,150,95,,0.275,,Ground,,,Ice Punch,Avalanche,Stone Edge,Rock Slide,Rock Tomb,Low Kick,Superpower,Hammer Arm,Dynamic Punch,Body Press,Brick Break,Fling,Darkest Lairat,Knock Off,,,,,,,,,,,,,
Tapu Bulu_physical,Grass,Fairy,,,130,85,,0.25,,Fairy,,,Megahorn,Stone Edge,Rock Slide,Rock Tomb,Close Combat,Superpower,Brick Break,Revenge,High Horsepower,Fling,Darkest Lairat,Payback,,,,,,,,,,,,,,,
Tauros-Paldea-Aqua_physical,Fighting,Water,,,110,30,,0.5,,Fighting,,,Wild Charge,Stone Edge,Rock Slide,Rock Tomb,Earthquake,Drill Run,Dig,Bulldoze,Lash Out,,,,,,,,,,,,,,,,,,
Tauros-Paldea-Combat_physical,Fighting,,,,110,30,,0.5,,Fighting,,,Wild Charge,Stone Edge,Rock Slide,Rock Tomb,Earthquake,Drill Run,Dig,Bulldoze,Lash Out,Throat Chop,,,,,,,,,,,,,,,,,
Throh_physical,Fighting,,,,100,30,,0.4666666667,,Fighting,,,Thunder Punch,Fire Punch,Ice Punch,Stone Edge,Rock Slide,Rock Tomb,Earthquake,Dig,Bulldoze,Fling,Knock Off,Payback,,,,,,,,,,,,,,,
Thundurus_physical,Electric,Flying,,,115,125,,-0.0571428571,,Electric,,,Uturn,Superpower,Hammer Arm,Brick Break,Revenge,Fling,Foul Play,Crunch,Lash Out,Knock Off,Payback,,,,,,,,,,,,,,,,
Tinkaton_physical,Fairy,Steel,,,75,70,,0.04,,Fairy,,,Play Rough,Skitter Smack,Ice Hammer,Stone Edge,Rock Slide,Rock Tomb,Brick Break,Bulldoze,Fling,Foul Play,Knock Off,,,,,,,,,,,,,,,,
Togedemaru_physical,Electric,Steel,,,98,40,,0.3918918919,,Electric,,,Uturn,Pin Missile,Reversal,Fling,Payback,,,,,,,,,,,,,,,,,,,,,,
Torterra_physical,Grass,Ground,,,109,75,,0.21383647800000002,,Ground,,,Stone Edge,Rock Slide,Rock Tomb,Superpower,Body Press,Crunch,,,,,,,,,,,,,,,,,,,,,
Toxicroak_physical,Poison,Fighting,,,106,86,,0.12820512820000002,Yes,Fighting,,,Shadow Claw,Thunder Punch,X Scissor,Ice Punch,Stone Edge,Rock Slide,Rock Tomb,Earthquake,Dig,Bulldoze,Fling,Foul Play,Throat Chop,Lash Out,Sucker Punch,Knock Off,Payback,Pursuit,,,,,,,,,
Toxtricity_physical,Electric,Poison,,,98,114,,-0.0975609756,,Electric,,,Fire Punch,Brick Break,Drain Punch,Fling,Throat Chop,Payback,,,,,,,,,,,,,,,,,,,,,
Trevenant_physical,Ghost,Grass,,,110,65,,0.28125,,Ghost,,,X Scissor,Skitter Smack,Rock Slide,Drain Punch,Earthquake,Dig,Bulldoze,Foul Play,Lash Out,Sucker Punch,Knock Off,,,,,,,,,,,,,,,,
Typhlosion_physical,Fire,,,,84,109,,-0.1572327044,,Fire,,,Shadow Claw,Wild Charge,Thunder Punch,Play Rough,Rock Slide,Rock Tomb,Reversal,Low Kick,Dynamic Punch,Submission,Brick Break,Earthquake,Dig,Bulldoze,Fling,Throat Chop,,,,,,,,,,,
Tyrantrum_physical,Rock,Dragon,,,121,119,,0.0116959064,,Rock,,,Thunder Fang,Play Rough,Fire Fang,Ice Fang,Close Combat,Brick Break,Earthquake,Dig,Bulldoze,Crunch,Bite,,,,,,,,,,,,,,,,
Volbeat_physical,Bug,,,,73,47,,0.21138211380000002,,Bug,,,Thunder Punch,Play Rough,Ice Punch,Dynamic Punch,Brick Break,Fling,,,,,,,,,,,,,,,,,,,,,
Volcanion_physical,Fire,Water,,,110,130,,-0.1111111111,,Fire,,,Wild Charge,Thunder Fang,Fire Fang,Stone Edge,Rock Slide,Rock Tomb,Superpower,Body Press,Brick Break,Earthquake,Dig,Bulldoze,Fling,,,,,,,,,,,,,,
Walrein_physical,Ice,Water,,,80,95,,-0.1034482759,,Ice,,,Rock Slide,Rock Tomb,Body Press,Earthquake,Stomping Tantrum,Bulldoze,Crunch,,,,,,,,,,,,,,,,,,,,
Weezing-Galar_special,Poison,Fairy,,,90,85,,0.0357142857,,Fairy,,,Shadow Ball,Zap Cannon,Thunderbolt,Overheat,Dark Pulse,,,,,,,,,,,,,,,,,,,,,,
Wigglytuff_physical,Normal,Fairy,,,70,85,,-0.1111111111,,Fairy,,,Wild Charge,Thunder Punch,Fire Punch,Ice Spinner,Ice Punch,Dynamic Punch,Body Press,Brick Break,Drain Punch,Wake Up Slap,Dig,Knock Off,,,,,,,,,,,,,,,
Wigglytuff_special,Normal,Fairy,,,70,85,,-0.1111111111,,Fairy,,,Shadow Ball,Zap Cannon,Thunderbolt,Flamethrower,Ice Beam,Body Press,Dark Pulse,,,,,,,,,,,,,,,,,,,,
Zarude_physical,Dark,Grass,,,120,70,,0.2941176471,,Dark,,,Uturn,Rock Slide,Rock Tomb,Close Combat,Low Kick,Hammer Arm,Low Sweep,Revenge,Dig,Stomping Tantrum,,,,,,,,,,,,,,,,,
Zebstrika_physical,Electric,,,,100,80,,0.1333333333,,Electric,,,Low Kick,High Horsepower,Bulldoze,Pursuit,,,,,,,,,,,,,,,,,,,,,,,
Ambipom_physical,Normal,,,,100,60,,0.2666666667,,,,,Shadow Claw,Thunder Punch,Fire Punch,Uturn,Fury Cutter,Ice Punch,Triple Axel,Smack Down,Low Kick,Brick Break,Dynamic Punch,Low Sweep,Revenge,Dig,Foul Play,Knock Off,Payback,Pursuit,Throat Chop,Fling,Payback,Beat Up,,,,,
Arbok_physical,Poison,,,,95,65,,0.20689655170000001,,,,,Thunder Fang,Fire Fang,Leech Life,Skitter Smack,Ice Fang,Rock Slide,Rock Tomb,Earthquake,Dig,Bulldoze,Crunch,Knock Off,Sucker Punch,Payback,Throat Chop,Pursuit,Beat Up,,,,,,,,,,
Azelf_physical,Psychic,,,,125,125,,0.0,,,,,Thunder Punch,Play Rough,Fire Punch,Uturn,Ice Punch,Drain Punch,Knock Off,Payback,Fling,,,,,,,,,,,,,,,,,,
Azelf_special,Psychic,,,,125,125,,0.0,,,,,Shadow Ball,Thunderbolt,Dazzling Gleam,Flamethrower,Signal Beam,Uturn,,,,,,,,,,,,,,,,,,,,,
Bellosom_physical,Grass,,,,80,90,,-0.0714285714,,,,,Play Rough,Triple Axel,Drain Punch,Fling,,,,,,,,,,,,,,,,,,,,,,,
Blastoise_physical,Water,,,,83,85,,-0.014814814800000001,,,,,Ice Spinner,Ice Punch,Avalanche,Rock Slide,Rock Tomb,Body Press,Dynamic Punch,Brick Break,Submission,Earthquake,Dig,Bulldoze,Crunch,Fling,,,,,,,,,,,,,
Blastoise_special,Water,,,,83,85,,-0.014814814800000001,,,,,Signal Beam,Ice Beam,Aura Sphere,Body Press,Dark Pulse,,,,,,,,,,,,,,,,,,,,,,
Blissey_special,Normal,,,,10,75,,-0.52,,,,,Shadow Ball,Thunderbolt,Alluring Voice,Flamethrower,Ice Beam,Focus Blast,Mud Bomb,,,,,,,,,,,,,,,,,,,,
Bouffalant_physical,Normal,,,,110,40,,0.4375,,,,,Wild Charge,Megahorn,Rock Slide,Stone Edge,Rock Tomb,Close Combat,Reversal,Earthquake,Bulldoze,Throat Chop,Payback,Lash Out,Pursuit,,,,,,,,,,,,,,
Braviary-Hisui_physical,Psychic,Flying,,,83,112,,-0.17901234570000002,,,,,Shadow Claw,Uturn,Rock Slide,Rock Tomb,Close Combat,Reversal,,,,,,,,,,,,,,,,,,,,,
Braviary_physical,Normal,Flying,,,123,57,,0.3815028902,,,,,Shadow Claw,Uturn,Rock Slide,Rock Tomb,Close Combat,Reversal,,,,,,,,,,,,,,,,,,,,,
Bronzong_physical,Steel,Psychic,,,89,79,,0.07194244600000001,,,,,Ice Spinner,Rock Slide,Rock Blast,Body Press,Earthquake,Payback,,,,,,,,,,,,,,,,,,,,,
Bronzong_special,Steel,Psychic,,,89,79,,0.07194244600000001,,,,,Shadow Ball,Hex,Signal Beam,Power Gem,Meteor Beam,Body Press,,,,,,,,,,,,,,,,,,,,,
Cinccino_physical,Normal,,,,95,65,,0.20689655170000001,,,,,Play Rough,Uturn,Ice Spinner,Triple Axel,Rock Blast,Wake Up Slap,Dig,Knock Off,Fling,Thief,,,,,,,,,,,,,,,,,
Clawitzer_special,Water,,,,73,120,,-0.27647058820000003,,,,,Shadow Ball,Uturn,Ice Beam,Aura Sphere,Focus Blast,Dark Pulse,,,,,,,,,,,,,,,,,,,,,
Copperajah_physical,Steel,,,,130,80,,0.2777777778,,,,,Supercell Slam,Play Rough,Heat Crash,Rock Slide,Stone Edge,Rock Blast,Rock Tomb,Body Press,Brick Break,Superpower,Revenge,Earthquake,Bulldoze,Dig,Knock Off,Payback,Fling,,,,,,,,,,
Cyclizar_physical,Dragon,Normal,,,95,85,,0.0689655172,,,,,Supercell Slam,Thunder Fang,Wild Charge,Fire Fang,Temper Flare,Uturn,Ice Spinner,Crunch,Knock Off,,,,,,,,,,,,,,,,,,
Delcatty_physical,Normal,,,,65,55,,0.0869565217,,,,,Wild Charge,Play Rough,Wake Up Slap,Dig,Stomping Tantrum,Sucker Punch,Payback,,,,,,,,,,,,,,,,,,,,
Deoxys-Defense_physical,Psychic,,,,70,70,,0.0,,,,,Thunder Punch,Fire Punch,Ice Punch,Rock Slide,Rock Tomb,Low Kick,Superpower,Dynamic Punch,Brick Break,Drain Punch,Low Sweep,Stomping Tantrum,Fling,Throat Chop,Knock Off,Pursuit,,,,,,,,,,,
Druddigon_physical,Dragon,,,,120,60,,0.3529411765,,,,,Shadow Claw,Thunder Punch,Thunder Fang,Fire Fang,Rock Slide,Rock Tomb,Superpower,Earthquake,Dig,Bulldoze,Fling,Crunch,Lash Out,Sucker Punch,Night Slash,Payback,Pursuit,,,,,,,,,,
Dubwool_physical,Normal,,,,80,60,,0.1538461538,,,,,Wild Charge,Reversal,Body Press,Payback,,,,,,,,,,,,,,,,,,,,,,,
Dudunsparce_physical,Normal,,,,100,85,,0.1,,,,,Wild Charge,Lunge,Skitter Smack,Ice Spinner,Rock Slide,Rock Tomb,Body Press,Earthquake,Drill Run,Dig,Bulldoze,Throat Chop,Pursuit,,,,,,,,,,,,,,
Dudunsparce_special,Normal,,,,100,85,,0.1,,,,,Shadow Ball,Hex,Zap Cannon,Thunderbolt,Flamethrower,Ice Beam,Body Press,Earth Power,,,,,,,,,,,,,,,,,,,
Duraludon_physical,Steel,Dragon,,,95,120,,-0.14705882350000002,,,,,Stone Edge,Rock Slide,Rock Tomb,Body Press,Brick Break,Stomping Tantrum,Foul Play,Night Slash,,,,,,,,,,,,,,,,,,,
Duraludon_special,Steel,Dragon,,,95,120,,-0.14705882350000002,,,,,Thunderbolt,Body Press,Foul Play,Dark Pulse,,,,,,,,,,,,,,,,,,,,,,,
Empoleon_physical,Water,Steel,,,86,111,,-0.1552795031,Yes,,,,Shadow Claw,Ice Spinner,Avalanche,Triple Axel,Rock Slide,Brick Break,Earthquake,Dig,Bulldoze,Fling,Throat Chop,Lash Out,Knock Off,Power Trip,,,,,,,,,,,,,
Exploud_physical,Normal,,,,91,91,,0.0,,,,,Thunder Punch,Thunder Fang,Fire Punch,Fire Fang,Ice Punch,Ice Fang,Avalanche,Rock Slide,Rock Tomb,Low Kick,Hammer Arm,Dynamic Punch,Brick Break,Earthquake,Bulldoze,Fling,Crunch,,,,,,,,,,
Feraligatr_physical,Water,,,,105,79,,0.1677419355,,,,,Shadow Claw,Ice Punch,Ice Fang,Avalanche,Rock Slide,Rock Tomb,Low Kick,Superpower,Dynamic Punch,Brick Break,Earthquake,Dig,Bulldoze,Fling,Crunch,Lash Out,,,,,,,,,,,
Floatzel_physical,Water,,,,105,85,,0.1290322581,,,,,Ice Spinner,Ice Punch,Ice Fang,Rock Tomb,Low Kick,Brick Break,Low Sweep,Dig,Fling,Crunch,Payback,Pursuit,,,,,,,,,,,,,,,
Furfrou_physical,Normal,,,,80,65,,0.1153846154,,,,,Wild Charge,Uturn,Dig,Sucker Punch,,,,,,,,,,,,,,,,,,,,,,,
Furret_physical,Normal,,,,76,45,,0.24603174600000002,,,,,Shadow Claw,Thunder Punch,Play Rough,Fire Punch,Uturn,Ice Punch,Reversal,Dynamic Punch,Brick Break,Dig,Fling,Sucker Punch,Knock Off,Pursuit,,,,,,,,,,,,,
Garbodor_physical,Poison,,,,95,60,,0.2413793103,,,,,Rock Blast,Body Press,Drain Punch,Stomping Tantrum,Fling,Payback,,,,,,,,,,,,,,,,,,,,,
Gogoat_physical,Grass,,,,100,97,,0.02,,,,,Wild Charge,Play Rough,Rock Slide,Superpower,Brick Break,Earthquake,Dig,Bulldoze,Throat Chop,Payback,,,,,,,,,,,,,,,,,
Golduck_physical,Water,,,,82,95,,-0.0896551724,,,,,Shadow Claw,Ice Punch,Low Kick,Cross Chop,Dynamic Punch,Submission,Brick Break,Low Sweep,Dig,Fling,Knock Off,,,,,,,,,,,,,,,,
Goodra_physical,Dragon,,,,100,110,,-0.0625,Yes,,,,Thunder Punch,Fire Punch,Skitter Smack,Rock Slide,Superpower,Body Press,Earthquake,Bulldoze,Knock Off,,,,,,,,,,,,,,,,,,
Greedent_physical,Normal,,,,95,55,,0.27586206900000004,,,,,Wild Charge,Thunder Fang,Fire Fang,Ice Fang,Superpower,Body Press,Earthquake,Dig,Bulldoze,Fling,Crunch,Knock Off,Payback,,,,,,,,,,,,,,
Grumpig_special,Psychic,,,,45,90,,-0.32142857140000003,,,,,Shadow Ball,Dazzling Gleam,Signal Beam,Power Gem,Focus Blast,Body Press,Earth Power,,,,,,,,,,,,,,,,,,,,
Gumshoos_physical,Normal,,,,110,55,,0.34375000000000006,,,,,Wild Charge,Thunder Punch,Thunder Fang,Fire Punch,Fire Fang,Uturn,Ice Punch,Ice Fang,Rock Tomb,Reversal,Low Sweep,Revenge,Earthquake,Dig,Bulldoze,Fling,Crunch,Knock Off,Payback,Pursuit,,,,,,,
Hypno_physical,Psychic,,,,73,73,,0.0,,,,,Thunder Punch,Fire Punch,Ice Punch,Low Kick,Dynamic Punch,Body Press,Submission,Brick Break,Drain Punch,Wake Up Slap,Low Sweep,Fling,Foul Play,Knock Off,,,,,,,,,,,,,
Kangaskhan_physical,Normal,,,,95,40,,0.37931034480000003,,,,,Shadow Claw,Thunder Punch,Fire Punch,Ice Punch,Avalanche,Rock Slide,Rock Tomb,Reversal,Low Kick,Hammer Arm,Dynamic Punch,Submission,Drain Punch,Brick Break,Earthquake,Dig,Bulldoze,Fling,Crunch,Sucker Punch,Beat Up,,,,,,
Kecleon_physical,Normal,,,,90,60,,0.2142857143,,,,,Shadow Claw,Shadow Sneak,Thunder Punch,Fire Punch,Ice Punch,Rock Slide,Rock Tomb,Low Kick,Dynamic Punch,Brick Break,Drain Punch,Dig,Fling,Foul Play,Sucker Punch,Knock Off,,,,,,,,,,,
Kingler_physical,Water,,,,130,50,,0.4444444444,,,,,X Scissor,Rock Slide,Rock Tomb,Superpower,Hammer Arm,Brick Break,High Horsepower,Dig,Stomping Tantrum,Fling,Night Slash,Knock Off,,,,,,,,,,,,,,,
Komala_physical,Normal,,,,115,75,,0.24242424240000002,,,,,Shadow Claw,Play Rough,Uturn,Ice Spinner,Rock Slide,Rock Tomb,Reversal,Low Kick,Superpower,Brick Break,Low Sweep,Earthquake,Bulldoze,Fling,Sucker Punch,Knock Off,Payback,,,,,,,,,,
Latias_special,Dragon,Psychic,,,80,110,,-0.1875,,,,,Shadow Ball,Thunderbolt,Alluring Voice,Mystical Fire,Ice Beam,Aura Sphere,,,,,,,,,,,,,,,,,,,,,
Lickilicky_physical,Normal,,,,85,80,,0.037037037,,,,,Thunder Punch,Fire Punch,Ice Punch,Rock Slide,Rock Tomb,Hammer Arm,Dynamic Punch,Body Press,Submission,Brick Break,Earthquake,Dig,Stomping Tantrum,Bulldoze,Fling,Knock Off,,,,,,,,,,,
Lickilicky_special,Normal,,,,85,80,,0.037037037,,,,,Shadow Ball,Thunderbolt,Flamethrower,Ice Beam,Focus Blast,Body Press,,,,,,,,,,,,,,,,,,,,,
Ludicolo_physical,Water,Grass,,,70,90,,-0.1428571429,,,,,Thunder Punch,Fire Punch,Ice Spinner,Ice Punch,Dynamic Punch,Brick Break,Drain Punch,Fling,Knock Off,,,,,,,,,,,,,,,,,,
Mesprit_physical,Psychic,,,,105,105,,0.0,,,,,Thunder Punch,Play Rough,Fire Punch,Uturn,Ice Punch,Drain Punch,Fling,Knock Off,,,,,,,,,,,,,,,,,,,
Metagross_physical,Steel,Psychic,,,135,95,,0.2162162162,Yes,,,,Shadow Claw,Thunder Punch,Ice Punch,Stone Edge,Rock Slide,Rock Tomb,Hammer Arm,Dynamic Punch,Body Press,Brick Break,Earthquake,Bulldoze,Knock Off,Pursuit,,,,,,,,,,,,,
Metagross_special,Steel,Psychic,,,135,95,,0.2162162162,Yes,,,,Shadow Ball,Signal Beam,Meteor Beam,Body Press,,,,,,,,,,,,,,,,,,,,,,,
Miltank_physical,Normal,,,,80,40,,0.3076923077,,,,,Thunder Punch,Play Rough,Fire Punch,Ice Punch,Rock Slide,Rock Tomb,Reversal,Hammer Arm,Dynamic Punch,Body Press,Brick Break,Wake Up Slap,Earthquake,Bulldoze,Fling,,,,,,,,,,,,
Muk_physical,Poison,,,,105,65,,0.25806451610000003,,,,,Shadow Sneak,Thunder Punch,Fire Punch,Ice Punch,Rock Slide,Rock Tomb,Dynamic Punch,Brick Break,Drain Punch,Dig,Fling,Lash Out,Knock Off,Payback,,,,,,,,,,,,,
Necrozma_physical,Psychic,,,,107,127,,-0.1129943503,,,,,Shadow Claw,X Scissor,Stone Edge,Rock Slide,Rock Tomb,Rock Blast,Brick Break,Earthquake,Bulldoze,Fling,Night Slash,Knock Off,,,,,,,,,,,,,,,
Necrozma_special,Psychic,,,,107,127,,-0.1129943503,,,,,Heat Wave,Signal Beam,Meteor Beam,Power Gem,Earth Power,Dark Pulse,,,,,,,,,,,,,,,,,,,,,
Noivern_physical,Flying,Dragon,,,70,97,,-0.1836734694,,,,,Shadow Claw,Wild Charge,Leech Life,X Scissor,Uturn,Brick Break,,,,,,,,,,,,,,,,,,,,,
Oranguru_physical,Normal,Psychic,,,60,90,,-0.2142857143,,,,,Rock Slide,Brick Break,Bulldoze,Fling,Foul Play,Knock Off,Payback,,,,,,,,,,,,,,,,,,,,
Politoed_physical,Water,,,,75,90,,-0.1071428571,,,,,Ice Punch,Low Kick,Dynamic Punch,Submission,Brick Break,Wake Up Slap,Low Sweep,Earthquake,Dig,Bulldoze,Fling,Payback,,,,,,,,,,,,,,,
Raticate_physical,Normal,,,,81,50,,0.23664122140000002,,,,,Wild Charge,Uturn,Reversal,Revenge,Dig,Stomping Tantrum,Crunch,Throat Chop,Sucker Punch,Pursuit,,,,,,,,,,,,,,,,,
Regigigas_physical,Normal,,,,160,80,,0.380952381,,,,,Thunder Punch,Heat Crash,Fire Punch,Ice Punch,Avalanche,Stone Edge,Rock Slide,Rock Tomb,Superpower,Hammer Arm,Body Press,Brick Break,Drain Punch,Earthquake,Bulldoze,Fling,Darkest Lairat,Knock Off,Payback,,,,,,,,
Registeel_physical,Steel,,,,75,75,,0.0,,,,,Shadow Claw,Thunder Punch,Ice Spinner,Ice Punch,Rock Slide,Rock Tomb,Superpower,Hammer Arm,Dynamic Punch,Body Press,Brick Break,Earthquake,Bulldoze,Fling,,,,,,,,,,,,,
Samurott_physical,Water,,,,100,108,,-0.0506329114,,,,,Megahorn,X Scissor,Avalanche,Superpower,Sacred Sword,Brick Break,Revenge,Drill Run,Dig,Bulldoze,Fling,Night Slash,Knock Off,,,,,,,,,,,,,,
Sawsbuck_physical,Normal,Grass,,,100,60,,0.2666666667,,,,,Wild Charge,Play Rough,Megahorn,Jump Kick,High Horsepower,Dig,Bulldoze,Throat Chop,,,,,,,,,,,,,,,,,,,
Sceptile_physical,Grass,,Dragon,,110,145,,-0.1794871795,,,,,Thunder Punch,X Scissor,Rock Slide,Rock Tomb,Low Kick,Dynamic Punch,Brick Break,Drain Punch,Low Sweep,Earthquake,Dig,Bulldoze,Fling,Crunch,Throat Chop,Night Slash,Pursuit,,,,,,,,,,
Sigilyph_special,Psychic,Flying,,,58,103,,-0.2941176471,,,,,Shadow Ball,Dazzling Gleam,Heat Wave,Signal Beam,Ice Beam,Dark Pulse,,,,,,,,,,,,,,,,,,,,,
Silvally_physical,Normal,,,,95,95,,0.0,,,,,Shadow Claw,Thunder Fang,Fire Fang,X Scissor,Uturn,Ice Fang,Rock Slide,Reversal,Crunch,,,,,,,,,,,,,,,,,,
Silvally_special,Normal,,,,95,95,,0.0,,,,,Shadow Ball,Thunderbolt,Flamethrower,Signal Beam,Uturn,Ice Beam,,,,,,,,,,,,,,,,,,,,,
Simipour_physical,Water,,,,98,98,,0.0,,,,,Shadow Claw,Ice Punch,Rock Slide,Rock Tomb,Low Kick,Superpower,Brick Break,Low Sweep,Dig,Fling,Crunch,Throat Chop,Knock Off,Payback,,,,,,,,,,,,,
Simisage_physical,Grass,,,,98,98,,0.0,,,,,Shadow Claw,Rock Slide,Rock Tomb,Low Kick,Superpower,Brick Break,Low Sweep,Dig,Fling,Crunch,Throat Chop,Knock Off,Payback,,,,,,,,,,,,,,
Slaking_physical,Normal,,,,160,95,,0.3095238095,,,,,Shadow Claw,Wild Charge,Thunder Punch,Play Rough,Fire Punch,X Scissor,Ice Punch,Rock Slide,Rock Tomb,Reversal,Low Kick,Hammer Arm,Dynamic Punch,Body Press,Brick Break,Drain Punch,Low Sweep,Earthquake,Dig,Bulldoze,Fling,Throat Chop,Lash Out,Sucker Punch,Night Slash,Knock Off,Pursuit
Slowbro-Galar_physical,Poison,Psychic,,,100,100,,0.0,,,,,Ice Punch,Ice Fang,Avalanche,Rock Blast,Body Press,Brick Break,Drain Punch,Earthquake,Dig,Bulldoze,Fling,Foul Play,,,,,,,,,,,,,,,
Slowbro-Galar_special,Poison,Psychic,,,100,100,,0.0,,,,,Shadow Ball,Flamethrower,Ice Beam,Power Gem,Focus Blast,Body Press,Foul Play,,,,,,,,,,,,,,,,,,,,
Slowking_physical,Water,Psychic,,,75,100,,-0.1666666667,Yes,,,,Thunder Punch,Fire Punch,Ice Punch,Avalanche,Rock Slide,Rock Tomb,Dynamic Punch,Brick Break,Drain Punch,Earthquake,Dig,Bulldoze,Fling,Foul Play,,,,,,,,,,,,,
Slowking_special,Water,Psychic,,,75,100,,-0.1666666667,Yes,,,,Shadow Ball,Zap Cannon,Flamethrower,Signal Beam,Ice Beam,Power Gem,Focus Blast,Foul Play,,,,,,,,,,,,,,,,,,,
Snorlax_physical,Normal,,,,110,65,,0.28125,,,,,Supercell Slam,Wild Charge,Thunder Punch,Heat Crash,Fire Punch,Ice Punch,Rock Slide,Rock Tomb,Superpower,Hammer Arm,Dynamic Punch,Body Press,Submission,Brick Break,Earthquake,Dig,Bulldoze,Fling,Darkest Lairat,Crunch,Pursuit,,,,,,
Spinda_physical,Normal,,,,60,60,,0.0,,,,,Wild Charge,Thunder Punch,Fire Punch,Ice Punch,Rock Slide,Rock Tomb,Low Kick,Superpower,Dynamic Punch,Brick Break,Drain Punch,Dig,Fling,Fling,Sucker Punch,,,,,,,,,,,,
Stoutland_physical,Normal,,,,110,45,,0.40625000000000006,,,,,Wild Charge,Thunder Fang,Play Rough,Fire Fang,Ice Fang,Rock Tomb,Reversal,Superpower,Dig,Stomping Tantrum,Crunch,Payback,Pursuit,,,,,,,,,,,,,,
Swalot_physical,Poison,,,,73,73,,0.0,,,,,Thunder Punch,Fire Punch,Ice Punch,Body Press,Dynamic Punch,Body Press,Brick Break,Earthquake,Bulldoze,Knock Off,Fling,,,,,,,,,,,,,,,,
Swalot_special,Poison,,,,73,73,,0.0,,,,,Shadow Ball,Ice Beam,Ice Beam,Body Press,Body Press,,,,,,,,,,,,,,,,,,,,,,
Tangrowth_physical,Grass,,,,100,110,,-0.0625,,,,,Rock Slide,Rock Tomb,Brick Break,Earthquake,Bulldoze,Fling,Knock Off,Payback,,,,,,,,,,,,,,,,,,,
Tauros_physical,Normal,,,,100,40,,0.4,,,,,Wild Charge,Megahorn,Stone Edge,Rock Slide,Rock Tomb,Reversal,Close Combat,Revenge,Earthquake,Dig,Bulldoze,Throat Chop,Lash Out,Payback,Pursuit,,,,,,,,,,,,
Toucannon_physical,Normal,Flying,,,120,75,,0.26470588240000004,,,,,Temper Flare,Uturn,Rock Blast,Brick Break,Throat Chop,Knock Off,,,,,,,,,,,,,,,,,,,,,
Tsareena_physical,Grass,,,,120,50,,0.4117647059,Yes,,,,Play Rough,Uturn,Triple Axel,High Jump Kick,Low Kick,Low Sweep,Fling,Knock Off,Payback,,,,,,,,,,,,,,,,,,
Uxie_physical,Psychic,,,,75,75,,0.0,,,,,Thunder Punch,Play Rough,Fire Punch,Uturn,Ice Punch,Drain Punch,Fling,Foul Play,Knock Off,,,,,,,,,,,,,,,,,,
Watchog_physical,Normal,,,,85,60,,0.18518518520000002,,,,,Thunder Punch,Fire Punch,Ice Punch,Low Kick,Dig,Stomping Tantrum,Fling,Crunch,Knock Off,,,,,,,,,,,,,,,,,,
Watchog_special,Normal,,,,85,60,,0.18518518520000002,,,,,Shadow Ball,Thunderbolt,Flamethrower,Signal Beam,Focus Blast,,,,,,,,,,,,,,,,,,,,,,
Wyrdeer_physical,Normal,Psychic,,,105,105,,0.0,Yes,,,,Wild Charge,Megahorn,Lunge,Jump Kick,Earthquake,High Horsepower,Dig,Bulldoze,Throat Chop,Sucker Punch,,,,,,,,,,,,,,,,,
Wyrdeer_special,Normal,Psychic,,,105,105,,0.0,Yes,,,,Shadow Ball,Thunderbolt,Signal Beam,Earth Power,,,,,,,,,,,,,,,,,,,,,,,
Zangoose_physical,Normal,,,,115,60,,0.33333333330000003,,,,,Shadow Claw,Thunder Punch,Fire Punch,X Scissor,Ice Punch,Rock Slide,Rock Tomb,Reversal,Close Combat,Low Kick,Dynamic Punch,Brick Break,Low Sweep,Revenge,Dig,Fling,Throat Chop,Night Slash,Knock Off,Payback,Pursuit,Power Trip,,,,,
